path,label,group,split
Angry/Cat_Angry1026.mp3,Angry,Angry/cat_angry1026,train
Angry/Cat_Angry1027.mp3,Angry,Angry/cat_angry1027,val
Angry/Cat_Angry1028.mp3,Angry,Angry/cat_angry1028,train
Angry/Cat_Angry1029.mp3,Angry,Angry/cat_angry1029,val
Angry/Cat_Angry1030.mp3,Angry,Angry/cat_angry1030,train
Angry/Cat_Angry1031.mp3,Angry,Angry/cat_angry1031,train
Angry/Cat_Angry1032.mp3,Angry,Angry/cat_angry1032,train
Angry/Cat_Angry1033.mp3,Angry,Angry/cat_angry1033,train
Angry/Cat_Angry1034.mp3,Angry,Angry/cat_angry1034,test
Angry/Cat_Angry1035.mp3,Angry,Angry/cat_angry1035,train
Angry/Cat_Angry1036.mp3,Angry,Angry/cat_angry1036,train
Angry/Cat_Angry1037.mp3,Angry,Angry/cat_angry1037,train
Angry/Cat_Angry1038.mp3,Angry,Angry/cat_angry1038,train
Angry/Cat_Angry1039.mp3,Angry,Angry/cat_angry1039,test
Angry/Cat_Angry1040.mp3,Angry,Angry/cat_angry1040,val
Angry/Cat_Angry1042.mp3,Angry,Angry/cat_angry1042,train
Angry/Cat_Angry1043.mp3,Angry,Angry/cat_angry1043,train
Angry/Cat_Angry1044.mp3,Angry,Angry/cat_angry1044,train
Angry/Cat_Angry1045.mp3,Angry,Angry/cat_angry1045,train
Angry/Cat_Angry1046.mp3,Angry,Angry/cat_angry1046,train
Angry/Cat_Angry1047.mp3,Angry,Angry/cat_angry1047,test
Angry/Cat_Angry1048.mp3,Angry,Angry/cat_angry1048,val
Angry/Cat_angry1015.mp3,Angry,Angry/cat_angry1015,train
Angry/Cat_angry1016.mp3,Angry,Angry/cat_angry1016,val
Angry/Cat_angry1017.mp3,Angry,Angry/cat_angry1017,train
Angry/Cat_angry1018.mp3,Angry,Angry/cat_angry1018,train
Angry/Cat_angry1019.mp3,Angry,Angry/cat_angry1019,train
Angry/Cat_angry1020.mp3,Angry,Angry/cat_angry1020,train
Angry/Cat_angry1021.mp3,Angry,Angry/cat_angry1021,train
Angry/Cat_angry1022.mp3,Angry,Angry/cat_angry1022,train
Angry/Cat_angry1023.mp3,Angry,Angry/cat_angry1023,train
Angry/Cat_angry1024.mp3,Angry,Angry/cat_angry1024,train
Angry/Edit9001Ang (2).mp3,Angry,Angry/edit9001ang,train
Angry/Edit9004Ang.mp3,Angry,Angry/edit9004ang,train
Angry/Edit9011Ang.mp3,Angry,Angry/edit9011ang,val
Angry/FIGHT_CONFUSION (1).mp3,Angry,Angry/fight_confusion,train
Angry/FIGHT_CONFUSION (2).mp3,Angry,Angry/fight_confusion,train
Angry/FIGHT_CONFUSION (3).mp3,Angry,Angry/fight_confusion,train
Angry/FIGHT_CONFUSION (4).mp3,Angry,Angry/fight_confusion,train
Angry/FIGHT_CONFUSION (5).mp3,Angry,Angry/fight_confusion,val
Angry/FIGHT_CONFUSION (6).mp3,Angry,Angry/fight_confusion,val
Angry/FIGHT_CONFUSION (7).mp3,Angry,Angry/fight_confusion,train
Angry/FIGHT_CONFUSION (8).mp3,Angry,Angry/fight_confusion,train
Angry/FIGHT_CONFUSION (9).mp3,Angry,Angry/fight_confusion,val
Angry/LastEntry_cat1002Ang.mp3,Angry,Angry/lastentry_cat1002ang,val
Angry/LastEntry_cat1003Ang.mp3,Angry,Angry/lastentry_cat1003ang,train
Angry/LastEntry_cat1008Ang.mp3,Angry,Angry/lastentry_cat1008ang,train
Angry/LastEntry_cat1010Ang.mp3,Angry,Angry/lastentry_cat1010ang,val
Angry/LastEntry_cat1057Ang.mp3,Angry,Angry/lastentry_cat1057ang,test
Angry/LastEntry_cat1070Ang.mp3,Angry,Angry/lastentry_cat1070ang,val
Angry/LastEntry_cat1209Ang.mp3,Angry,Angry/lastentry_cat1209ang,test
Angry/LastEntry_cat1261Ang.mp3,Angry,Angry/lastentry_cat1261ang,train
Angry/LastEntry_cat1262Ang.mp3,Angry,Angry/lastentry_cat1262ang,val
Angry/LastEntry_cat1263Ang.mp3,Angry,Angry/lastentry_cat1263ang,test
Angry/LastEntry_cat1264Ang.mp3,Angry,Angry/lastentry_cat1264ang,test
Angry/LastEntry_cat1265Ang.mp3,Angry,Angry/lastentry_cat1265ang,train
Angry/LastEntry_cat1266Ang.mp3,Angry,Angry/lastentry_cat1266ang,train
Angry/LastEntry_cat1267Ang.mp3,Angry,Angry/lastentry_cat1267ang,train
Angry/LastEntry_cat1268Ang.mp3,Angry,Angry/lastentry_cat1268ang,test
Angry/LastEntry_cat1269Ang.mp3,Angry,Angry/lastentry_cat1269ang,train
Angry/LastEntry_cat1270Ang.mp3,Angry,Angry/lastentry_cat1270ang,train
Angry/LastEntry_cat1271Ang.mp3,Angry,Angry/lastentry_cat1271ang,train
Angry/LastEntry_cat1272Ang.mp3,Angry,Angry/lastentry_cat1272ang,test
Angry/LastEntry_cat1273Ang.mp3,Angry,Angry/lastentry_cat1273ang,train
Angry/LastEntry_cat1274Ang.mp3,Angry,Angry/lastentry_cat1274ang,val
Angry/LastEntry_cat1275Ang.mp3,Angry,Angry/lastentry_cat1275ang,train
Angry/LastEntry_cat1276Ang.mp3,Angry,Angry/lastentry_cat1276ang,train
Angry/LastEntry_cat1277Ang.mp3,Angry,Angry/lastentry_cat1277ang,train
Angry/LastEntry_cat1278Ang.mp3,Angry,Angry/lastentry_cat1278ang,train
Angry/LastEntry_cat1279Ang (2).mp3,Angry,Angry/lastentry_cat1279ang,train
Angry/LastEntry_cat1279Ang.mp3,Angry,Angry/lastentry_cat1279ang,test
Angry/LastEntry_cat1280Ang.mp3,Angry,Angry/lastentry_cat1280ang,val
Angry/LastEntry_cat1281Ang.mp3,Angry,Angry/lastentry_cat1281ang,train
Angry/Last_addCat106Ang.mp3,Angry,Angry/last_addcat106ang,train
Angry/Last_addCat107Ang.mp3,Angry,Angry/last_addcat107ang,train
Angry/Last_addCat108Ang.mp3,Angry,Angry/last_addcat108ang,train
Angry/Last_addCat109Hiss (2).mp3,Angry,Angry/last_addcat109hiss,train
Angry/Last_addCat110Ang.mp3,Angry,Angry/last_addcat110ang,train
Angry/Last_addCat173Ang.mp3,Angry,Angry/last_addcat173ang,train
Angry/Last_addCat246Ang.mp3,Angry,Angry/last_addcat246ang,train
Angry/Last_addCat247Ang.mp3,Angry,Angry/last_addcat247ang,val
Angry/Last_addCat248Ang.mp3,Angry,Angry/last_addcat248ang,val
Angry/Last_addCat249Ang.mp3,Angry,Angry/last_addcat249ang,train
Angry/Last_addCat250Ang.mp3,Angry,Angry/last_addcat250ang,train
Angry/Last_addCat253Angry.mp3,Angry,Angry/last_addcat253angry,train
Angry/Last_addCat255Ang.mp3,Angry,Angry/last_addcat255ang,train
Angry/Last_addCat256Ang.mp3,Angry,Angry/last_addcat256ang,train
Angry/Last_addCat257Ang.mp3,Angry,Angry/last_addcat257ang,val
Angry/Last_addCat271Ang.mp3,Angry,Angry/last_addcat271ang,val
Angry/Last_addCat280Ang.mp3,Angry,Angry/last_addcat280ang,train
Angry/Last_addCat281Ang.mp3,Angry,Angry/last_addcat281ang,train
Angry/Last_addCat285Ang.mp3,Angry,Angry/last_addcat285ang,test
Angry/Last_addCat287Ang.mp3,Angry,Angry/last_addcat287ang,train
Angry/Last_addCat293Ang.mp3,Angry,Angry/last_addcat293ang,train
Angry/Last_addCat294Ang.mp3,Angry,Angry/last_addcat294ang,val
Angry/Last_addCat316Ang.mp3,Angry,Angry/last_addcat316ang,train
Angry/Last_addCat320Angry.mp3,Angry,Angry/last_addcat320angry,train
Angry/Last_addCat342Ang.mp3,Angry,Angry/last_addcat342ang,train
Angry/Last_addCat358Ang.mp3,Angry,Angry/last_addcat358ang,train
Angry/Last_addCat359Ang.mp3,Angry,Angry/last_addcat359ang,val
Angry/Last_addCat360Ang.mp3,Angry,Angry/last_addcat360ang,train
Angry/Last_addCat361Ang.mp3,Angry,Angry/last_addcat361ang,train
Angry/Online_Cat0525veryAng.mp3,Angry,Angry/online_cat0525veryang,test
Angry/Online_Cat0526veryAng.mp3,Angry,Angry/online_cat0526veryang,train
Angry/Online_Cat0527VeryAng.mp3,Angry,Angry/online_cat0527veryang,train
Angry/Online_Cat0528VeryAng.mp3,Angry,Angry/online_cat0528veryang,test
Angry/Online_Cat0529VeryAng.mp3,Angry,Angry/online_cat0529veryang,val
Angry/Online_Cat0530VeryAng.mp3,Angry,Angry/online_cat0530veryang,train
Angry/Online_Cat0531VeryAng.mp3,Angry,Angry/online_cat0531veryang,train
Angry/Online_Cat0532VeryAng.mp3,Angry,Angry/online_cat0532veryang,train
Angry/Online_Cat0533VeryAng (2).mp3,Angry,Angry/online_cat0533veryang,test
Angry/Online_Cat0533VeryAng (3).mp3,Angry,Angry/online_cat0533veryang,train
Angry/Online_Cat0533VeryAng.mp3,Angry,Angry/online_cat0533veryang,train
Angry/Online_Cat0550VeryAngry.mp3,Angry,Angry/online_cat0550veryangry,train
Angry/YashLL_Cat0210Ang.mp3,Angry,Angry/yashll_cat0210ang,train
Angry/YashLL_Cat0211Ang.mp3,Angry,Angry/yashll_cat0211ang,train
Angry/YashLL_Cat0212Ang.mp3,Angry,Angry/yashll_cat0212ang,train
Angry/YashLL_Cat0213Ang.mp3,Angry,Angry/yashll_cat0213ang,train
Angry/YashLL_Cat0247Angry.mp3,Angry,Angry/yashll_cat0247angry,train
Angry/YashLL_Cat0248Angry.mp3,Angry,Angry/yashll_cat0248angry,train
Angry/YashLL_Cat0253Ang (2).mp3,Angry,Angry/yashll_cat0253ang,train
Angry/YashLL_Cat0253Ang.mp3,Angry,Angry/yashll_cat0253ang,test
Angry/YashLL_Cat0254Ang.mp3,Angry,Angry/yashll_cat0254ang,train
Angry/YashLL_Cat0255Ang.mp3,Angry,Angry/yashll_cat0255ang,val
Angry/YashLL_Cat0256Ang.mp3,Angry,Angry/yashll_cat0256ang,train
Angry/YashLL_Cat0257Ang.mp3,Angry,Angry/yashll_cat0257ang,train
Angry/YashLL_Cat0265Ang (2).mp3,Angry,Angry/yashll_cat0265ang,train
Angry/YashLL_Cat0265Ang.mp3,Angry,Angry/yashll_cat0265ang,train
Angry/YashLL_Cat0266Ang.mp3,Angry,Angry/yashll_cat0266ang,test
Angry/YashLL_Cat0267Ang.mp3,Angry,Angry/yashll_cat0267ang,train
Angry/YashLL_Cat0268Ang.mp3,Angry,Angry/yashll_cat0268ang,test
Angry/YashLL_Cat0269Ang.mp3,Angry,Angry/yashll_cat0269ang,train
Angry/YashLL_Cat0270Ang.mp3,Angry,Angry/yashll_cat0270ang,train
Angry/YashLL_Cat0271Ang.mp3,Angry,Angry/yashll_cat0271ang,test
Angry/YashLL_Cat0272Ang.mp3,Angry,Angry/yashll_cat0272ang,test
Angry/YashLL_Cat0273Ang.mp3,Angry,Angry/yashll_cat0273ang,test
Angry/YashLL_Cat0274Ang.mp3,Angry,Angry/yashll_cat0274ang,train
Angry/YashLL_Cat0275Ang.mp3,Angry,Angry/yashll_cat0275ang,train
Angry/YashLL_Cat0276Ang.mp3,Angry,Angry/yashll_cat0276ang,train
Angry/YashLL_Cat0277Ang.mp3,Angry,Angry/yashll_cat0277ang,train
Angry/YashLL_Cat0278Ang.mp3,Angry,Angry/yashll_cat0278ang,train
Angry/YashLL_Cat0279Ang.mp3,Angry,Angry/yashll_cat0279ang,train
Angry/YashLL_Cat0280Ang (2).mp3,Angry,Angry/yashll_cat0280ang,train
Angry/YashLL_Cat0280Ang.mp3,Angry,Angry/yashll_cat0280ang,train
Angry/YashLL_Cat0281Ang.mp3,Angry,Angry/yashll_cat0281ang,train
Angry/YashLL_Cat0282Ang.mp3,Angry,Angry/yashll_cat0282ang,val
Angry/YashLL_Cat0283Ang.mp3,Angry,Angry/yashll_cat0283ang,train
Angry/YashLL_Cat0284Ang.mp3,Angry,Angry/yashll_cat0284ang,train
Angry/YashLL_Cat0285Ang.mp3,Angry,Angry/yashll_cat0285ang,train
Angry/YashLL_Cat0286Ang.mp3,Angry,Angry/yashll_cat0286ang,test
Angry/YashLL_Cat0287Ang.mp3,Angry,Angry/yashll_cat0287ang,train
Angry/YashLL_Cat0288Ang.mp3,Angry,Angry/yashll_cat0288ang,test
Angry/YashLL_Cat0289Ang.mp3,Angry,Angry/yashll_cat0289ang,train
Angry/YashLL_Cat0290Ang.mp3,Angry,Angry/yashll_cat0290ang,val
Angry/YashLL_Cat0291Ang.mp3,Angry,Angry/yashll_cat0291ang,train
Angry/YashLL_Cat0292Ang.mp3,Angry,Angry/yashll_cat0292ang,train
Angry/YashLL_Cat0293Ang.mp3,Angry,Angry/yashll_cat0293ang,test
Angry/YashLL_Cat0294Ang.mp3,Angry,Angry/yashll_cat0294ang,train
Angry/YashLL_Cat0295Ang.mp3,Angry,Angry/yashll_cat0295ang,train
Angry/YashLL_Cat0296Ang (2).mp3,Angry,Angry/yashll_cat0296ang,train
Angry/YashLL_Cat0296Ang.mp3,Angry,Angry/yashll_cat0296ang,test
Angry/YashLL_Cat0297Ang.mp3,Angry,Angry/yashll_cat0297ang,val
Angry/car_extcoll0103.mp3,Angry,Angry/car_extcoll0103,train
Angry/car_extcoll0104.mp3,Angry,Angry/car_extcoll0104,train
Angry/car_extcoll0117.mp3,Angry,Angry/car_extcoll0117,train
Angry/car_extcoll0128.mp3,Angry,Angry/car_extcoll0128,train
Angry/car_extcoll0149.mp3,Angry,Angry/car_extcoll0149,test
Angry/car_extcoll0150.mp3,Angry,Angry/car_extcoll0150,train
Angry/car_extcoll0151.mp3,Angry,Angry/car_extcoll0151,train
Angry/car_extcoll0155.mp3,Angry,Angry/car_extcoll0155,test
Angry/car_extcoll0156.mp3,Angry,Angry/car_extcoll0156,train
Angry/car_extcoll0162.mp3,Angry,Angry/car_extcoll0162,train
Angry/car_extcoll0169.mp3,Angry,Angry/car_extcoll0169,train
Angry/car_extcoll0171.mp3,Angry,Angry/car_extcoll0171,train
Angry/car_extcoll01716.mp3,Angry,Angry/car_extcoll01716,test
Angry/car_extcoll0172.mp3,Angry,Angry/car_extcoll0172,train
Angry/car_extcoll01728.mp3,Angry,Angry/car_extcoll01728,train
Angry/car_extcoll0174.mp3,Angry,Angry/car_extcoll0174,train
Angry/car_extcoll0175.mp3,Angry,Angry/car_extcoll0175,train
Angry/car_extcoll0177.mp3,Angry,Angry/car_extcoll0177,train
Angry/car_extcoll0191.mp3,Angry,Angry/car_extcoll0191,train
Angry/car_extcoll0212.mp3,Angry,Angry/car_extcoll0212,train
Angry/car_extcoll0215.mp3,Angry,Angry/car_extcoll0215,train
Angry/car_extcoll0217.mp3,Angry,Angry/car_extcoll0217,train
Angry/car_extcoll0227.mp3,Angry,Angry/car_extcoll0227,train
Angry/car_extcoll02418.mp3,Angry,Angry/car_extcoll02418,train
Angry/car_extcoll0244.mp3,Angry,Angry/car_extcoll0244,train
Angry/car_extcoll0247.mp3,Angry,Angry/car_extcoll0247,val
Angry/car_extcoll0306.mp3,Angry,Angry/car_extcoll0306,test
Angry/car_extcoll0307.mp3,Angry,Angry/car_extcoll0307,val
Angry/cat014.mp3,Angry,Angry/cat014,val
Angry/cat02.mp3,Angry,Angry/cat02,test
Angry/cat03.mp3,Angry,Angry/cat03,train
Angry/cat0319.mp3,Angry,Angry/cat0319,train
Angry/cat0327.mp3,Angry,Angry/cat0327,train
Angry/cat0328.mp3,Angry,Angry/cat0328,train
Angry/cat0329.mp3,Angry,Angry/cat0329,train
Angry/cat0330.mp3,Angry,Angry/cat0330,train
Angry/cat0331.mp3,Angry,Angry/cat0331,train
Angry/cat0344.mp3,Angry,Angry/cat0344,val
Angry/cat0350.mp3,Angry,Angry/cat0350,train
Angry/cat0367.mp3,Angry,Angry/cat0367,test
Angry/cat0368.mp3,Angry,Angry/cat0368,train
Angry/cat0371.mp3,Angry,Angry/cat0371,train
Angry/cat0374.mp3,Angry,Angry/cat0374,train
Angry/cat0375.mp3,Angry,Angry/cat0375,test
Angry/cat0376.mp3,Angry,Angry/cat0376,train
Angry/cat0377.mp3,Angry,Angry/cat0377,test
Angry/cat0378.mp3,Angry,Angry/cat0378,train
Angry/cat0381.mp3,Angry,Angry/cat0381,train
Angry/cat0382.mp3,Angry,Angry/cat0382,train
Angry/cat0383.mp3,Angry,Angry/cat0383,train
Angry/cat04.mp3,Angry,Angry/cat04,val
Angry/cat05.mp3,Angry,Angry/cat05,train
Angry/cat06.mp3,Angry,Angry/cat06,val
Angry/cat07.mp3,Angry,Angry/cat07,train
Angry/cat08.mp3,Angry,Angry/cat08,test
Angry/cat09.mp3,Angry,Angry/cat09,val
Angry/cat13.mp3,Angry,Angry/cat13,train
Angry/cat13sd.mp3,Angry,Angry/cat13sd,train
Angry/cat14.mp3,Angry,Angry/cat14,val
Angry/cat15.mp3,Angry,Angry/cat15,train
Angry/cat16.mp3,Angry,Angry/cat16,train
Angry/cat17.mp3,Angry,Angry/cat17,train
Angry/cat18.mp3,Angry,Angry/cat18,train
Angry/cat24.mp3,Angry,Angry/cat24,train
Angry/cat25.mp3,Angry,Angry/cat25,train
Angry/cat27.mp3,Angry,Angry/cat27,val
Angry/cat29.mp3,Angry,Angry/cat29,train
Angry/cat_101.mp3,Angry,Angry/cat_101,train
Angry/cat_102.mp3,Angry,Angry/cat_102,train
Angry/cat_103.mp3,Angry,Angry/cat_103,train
Angry/cat_flickr01303.mp3,Angry,Angry/cat_flickr01303,train
Angry/cat_flickr01305.mp3,Angry,Angry/cat_flickr01305,train
Angry/cat_flickr01306.mp3,Angry,Angry/cat_flickr01306,train
Angry/cat_flickr01307.mp3,Angry,Angry/cat_flickr01307,test
Angry/cat_flickr01322.mp3,Angry,Angry/cat_flickr01322,train
Angry/cat_flickr01323.mp3,Angry,Angry/cat_flickr01323,test
Angry/cat_flickr01339.mp3,Angry,Angry/cat_flickr01339,train
Angry/cat_flickr01340.mp3,Angry,Angry/cat_flickr01340,train
Angry/cat_flickr01344.mp3,Angry,Angry/cat_flickr01344,train
Angry/cat_flickr0136.mp3,Angry,Angry/cat_flickr0136,val
Angry/cat_flickr0138.mp3,Angry,Angry/cat_flickr0138,test
Angry/cat_flickr0139.mp3,Angry,Angry/cat_flickr0139,test
Angry/cat_flickr0140.mp3,Angry,Angry/cat_flickr0140,train
Angry/cat_flickr01407.mp3,Angry,Angry/cat_flickr01407,train
Angry/cat_flickr01408.mp3,Angry,Angry/cat_flickr01408,train
Angry/cat_flickr0141.mp3,Angry,Angry/cat_flickr0141,train
Angry/cat_flickr01416.mp3,Angry,Angry/cat_flickr01416,train
Angry/cat_flickr01417.mp3,Angry,Angry/cat_flickr01417,train
Angry/cat_flickr0142.mp3,Angry,Angry/cat_flickr0142,train
Angry/cat_flickr01420.mp3,Angry,Angry/cat_flickr01420,train
Angry/cat_flickr0143.mp3,Angry,Angry/cat_flickr0143,test
Angry/cat_flickr01431.mp3,Angry,Angry/cat_flickr01431,val
Angry/cat_flickr01435.mp3,Angry,Angry/cat_flickr01435,train
Angry/cat_flickr01436.mp3,Angry,Angry/cat_flickr01436,val
Angry/cat_flickr01437.mp3,Angry,Angry/cat_flickr01437,train
Angry/cat_flickr01438.mp3,Angry,Angry/cat_flickr01438,test
Angry/cat_flickr0144.mp3,Angry,Angry/cat_flickr0144,train
Angry/cat_flickr01441.mp3,Angry,Angry/cat_flickr01441,val
Angry/cat_flickr01442.mp3,Angry,Angry/cat_flickr01442,train
Angry/cat_flickr01446.mp3,Angry,Angry/cat_flickr01446,train
Angry/cat_flickr01447.mp3,Angry,Angry/cat_flickr01447,test
Angry/cat_flickr01452.mp3,Angry,Angry/cat_flickr01452,train
Angry/cat_flickr01453.mp3,Angry,Angry/cat_flickr01453,test
Angry/cat_flickr01454.mp3,Angry,Angry/cat_flickr01454,test
Angry/cat_flickr01456.mp3,Angry,Angry/cat_flickr01456,train
Angry/cat_flickr01458.mp3,Angry,Angry/cat_flickr01458,train
Angry/cat_flickr01463.mp3,Angry,Angry/cat_flickr01463,train
Angry/cat_flickr01476 (2).mp3,Angry,Angry/cat_flickr01476,train
Angry/cat_flickr01476.mp3,Angry,Angry/cat_flickr01476,val
Angry/cat_flickr01477 (2).mp3,Angry,Angry/cat_flickr01477,train
Angry/cat_flickr01477.mp3,Angry,Angry/cat_flickr01477,train
Angry/cat_flickr01478.mp3,Angry,Angry/cat_flickr01478,train
Angry/cat_flickr01479.mp3,Angry,Angry/cat_flickr01479,val
Angry/cat_flickr0148.mp3,Angry,Angry/cat_flickr0148,train
Angry/cat_flickr01480.mp3,Angry,Angry/cat_flickr01480,test
Angry/cat_flickr01481.mp3,Angry,Angry/cat_flickr01481,train
Angry/cat_flickr01482 (2).mp3,Angry,Angry/cat_flickr01482,train
Angry/cat_flickr0149.mp3,Angry,Angry/cat_flickr0149,train
Angry/cat_flickr01493.mp3,Angry,Angry/cat_flickr01493,train
Angry/cat_flickr01494.mp3,Angry,Angry/cat_flickr01494,train
Angry/cat_flickr01495.mp3,Angry,Angry/cat_flickr01495,train
Angry/cat_flickr01496.mp3,Angry,Angry/cat_flickr01496,train
Angry/cat_flickr01497 (2).mp3,Angry,Angry/cat_flickr01497,val
Angry/cat_flickr01498.mp3,Angry,Angry/cat_flickr01498,train
Angry/cat_flickr01499.mp3,Angry,Angry/cat_flickr01499,train
Angry/cat_flickr01501.mp3,Angry,Angry/cat_flickr01501,train
Angry/cat_flickr01502.mp3,Angry,Angry/cat_flickr01502,val
Angry/cat_flickr01503.mp3,Angry,Angry/cat_flickr01503,train
Angry/cat_flickr01504.mp3,Angry,Angry/cat_flickr01504,train
Angry/cat_flickr0161.mp3,Angry,Angry/cat_flickr0161,test
Angry/cat_flickr0162.mp3,Angry,Angry/cat_flickr0162,val
Angry/cat_flickr0163.mp3,Angry,Angry/cat_flickr0163,train
Angry/cat_flickr0164.mp3,Angry,Angry/cat_flickr0164,train
Angry/cat_flickr0166.mp3,Angry,Angry/cat_flickr0166,test
Angry/cat_flickr0167.mp3,Angry,Angry/cat_flickr0167,train
Angry/cat_flickr0168.mp3,Angry,Angry/cat_flickr0168,train
Angry/cat_flickr0169.mp3,Angry,Angry/cat_flickr0169,train
Angry/newang.mp3,Angry,Angry/newang,val
Defence/Cat_HIss10023.mp3,Defence,Defence/cat_hiss10023,train
Defence/Cat_HIss10024.mp3,Defence,Defence/cat_hiss10024,train
Defence/Cat_HIss10028.mp3,Defence,Defence/cat_hiss10028,train
Defence/Cat_HIss10031.mp3,Defence,Defence/cat_hiss10031,test
Defence/Cat_HIss10033.mp3,Defence,Defence/cat_hiss10033,train
Defence/Cat_HIss10034.mp3,Defence,Defence/cat_hiss10034,test
Defence/Cat_HIss10035.mp3,Defence,Defence/cat_hiss10035,train
Defence/Cat_HIss10036.mp3,Defence,Defence/cat_hiss10036,val
Defence/Cat_HIss1051.mp3,Defence,Defence/cat_hiss1051,train
Defence/Cat_HIss1093.mp3,Defence,Defence/cat_hiss1093,train
Defence/Cat_Hass1043.mp3,Defence,Defence/cat_hass1043,train
Defence/Cat_Hass1050.mp3,Defence,Defence/cat_hass1050,train
Defence/Cat_Hass1054.mp3,Defence,Defence/cat_hass1054,test
Defence/Cat_Hass1066.mp3,Defence,Defence/cat_hass1066,train
Defence/Cat_Hiss10010.mp3,Defence,Defence/cat_hiss10010,train
Defence/Cat_Hiss10012.mp3,Defence,Defence/cat_hiss10012,train
Defence/Cat_Hiss10013.mp3,Defence,Defence/cat_hiss10013,val
Defence/Cat_Hiss10038.mp3,Defence,Defence/cat_hiss10038,test
Defence/Cat_Hiss10043.mp3,Defence,Defence/cat_hiss10043,train
Defence/Cat_Hiss10044.mp3,Defence,Defence/cat_hiss10044,val
Defence/Cat_Hiss10045.mp3,Defence,Defence/cat_hiss10045,train
Defence/Cat_Hiss10047.mp3,Defence,Defence/cat_hiss10047,train
Defence/Cat_Hiss10048.mp3,Defence,Defence/cat_hiss10048,train
Defence/Cat_Hiss10049.mp3,Defence,Defence/cat_hiss10049,val
Defence/Cat_Hiss10051.mp3,Defence,Defence/cat_hiss10051,train
Defence/Cat_Hiss10053.mp3,Defence,Defence/cat_hiss10053,test
Defence/Cat_Hiss10054.mp3,Defence,Defence/cat_hiss10054,val
Defence/Cat_Hiss10055.mp3,Defence,Defence/cat_hiss10055,train
Defence/Cat_Hiss10056.mp3,Defence,Defence/cat_hiss10056,train
Defence/Cat_Hiss10057.mp3,Defence,Defence/cat_hiss10057,train
Defence/Cat_Hiss10059.mp3,Defence,Defence/cat_hiss10059,train
Defence/Cat_Hiss10060.mp3,Defence,Defence/cat_hiss10060,val
Defence/Cat_Hiss10061.mp3,Defence,Defence/cat_hiss10061,train
Defence/Cat_Hiss100613.mp3,Defence,Defence/cat_hiss100613,train
Defence/Cat_Hiss10062.mp3,Defence,Defence/cat_hiss10062,val
Defence/Cat_Hiss10063.mp3,Defence,Defence/cat_hiss10063,val
Defence/Cat_Hiss10064.mp3,Defence,Defence/cat_hiss10064,val
Defence/Cat_Hiss10065.mp3,Defence,Defence/cat_hiss10065,train
Defence/Cat_Hiss1041.mp3,Defence,Defence/cat_hiss1041,test
Defence/Cat_Hiss10515.mp3,Defence,Defence/cat_hiss10515,train
Defence/Cat_Hiss1060.mp3,Defence,Defence/cat_hiss1060,train
Defence/Cat_Hiss1061.mp3,Defence,Defence/cat_hiss1061,train
Defence/Cat_Hiss1065.mp3,Defence,Defence/cat_hiss1065,val
Defence/Cat_Hiss1071.mp3,Defence,Defence/cat_hiss1071,train
Defence/Cat_Hiss1073.mp3,Defence,Defence/cat_hiss1073,train
Defence/Cat_Hiss1075.mp3,Defence,Defence/cat_hiss1075,test
Defence/Cat_Hiss1077.mp3,Defence,Defence/cat_hiss1077,train
Defence/Cat_Hiss1078.mp3,Defence,Defence/cat_hiss1078,train
Defence/Cat_Hiss1083.mp3,Defence,Defence/cat_hiss1083,test
Defence/Cat_Hiss1088.mp3,Defence,Defence/cat_hiss1088,test
Defence/Cat_Hiss1095.mp3,Defence,Defence/cat_hiss1095,test
Defence/Cat_Hiss1096.mp3,Defence,Defence/cat_hiss1096,train
Defence/Cat_Hiss1097.mp3,Defence,Defence/cat_hiss1097,train
Defence/Cat_Hissing1025.mp3,Defence,Defence/cat_hissing1025,val
Defence/Cat_YoutubeLLT42345.mp3,Defence,Defence/cat_youtubellt42345,train
Defence/Cat_YoutubeLLT42346.mp3,Defence,Defence/cat_youtubellt42346,train
Defence/Cat_YoutubeLLT42347.mp3,Defence,Defence/cat_youtubellt42347,test
Defence/Cat_YoutubeLLT42357 (2).mp3,Defence,Defence/cat_youtubellt42357,test
Defence/Cat_YoutubeLLT42359.mp3,Defence,Defence/cat_youtubellt42359,train
Defence/Cat_YoutubeLLT42360.mp3,Defence,Defence/cat_youtubellt42360,test
Defence/Cat_YoutubeLLT42361.mp3,Defence,Defence/cat_youtubellt42361,train
Defence/Cat_YoutubeLLT42363.mp3,Defence,Defence/cat_youtubellt42363,train
Defence/Cat_YoutubeLLT42364.mp3,Defence,Defence/cat_youtubellt42364,train
Defence/Cat_YoutubeLLT42366 (2).mp3,Defence,Defence/cat_youtubellt42366,train
Defence/Cat_YoutubeLLT42366.mp3,Defence,Defence/cat_youtubellt42366,val
Defence/Cat_hiss.mp3,Defence,Defence/cat_hiss,val
Defence/Cathiss1010.mp3,Defence,Defence/cathiss1010,val
Defence/Edit9001Hiss (2).mp3,Defence,Defence/edit9001hiss,train
Defence/Edit9001Hiss.mp3,Defence,Defence/edit9001hiss,train
Defence/Edit9003Hiss.mp3,Defence,Defence/edit9003hiss,train
Defence/Edit9006Hiss.mp3,Defence,Defence/edit9006hiss,train
Defence/Edit9013Hiss.mp3,Defence,Defence/edit9013hiss,train
Defence/Edit9014Hiss.mp3,Defence,Defence/edit9014hiss,train
Defence/Edit9015Hiss.mp3,Defence,Defence/edit9015hiss,train
Defence/Edit9016Hiss.mp3,Defence,Defence/edit9016hiss,train
Defence/Edit9017Hiss.mp3,Defence,Defence/edit9017hiss,train
Defence/Edit9018Hiss.mp3,Defence,Defence/edit9018hiss,train
Defence/Edit9019Hiss.mp3,Defence,Defence/edit9019hiss,train
Defence/Edit9020Hiss.mp3,Defence,Defence/edit9020hiss,train
Defence/Edit9021Hiss.mp3,Defence,Defence/edit9021hiss,train
Defence/Edit9022Hiss.mp3,Defence,Defence/edit9022hiss,train
Defence/Edit9024Hiss.mp3,Defence,Defence/edit9024hiss,train
Defence/Edit9025Hiss.mp3,Defence,Defence/edit9025hiss,train
Defence/Edit9027Hiss.mp3,Defence,Defence/edit9027hiss,train
Defence/Edit9028Hiss.mp3,Defence,Defence/edit9028hiss,train
Defence/Edit9029Hiss.mp3,Defence,Defence/edit9029hiss,test
Defence/Edit9030Hiss.mp3,Defence,Defence/edit9030hiss,train
Defence/Edit9031Hiss.mp3,Defence,Defence/edit9031hiss,train
Defence/Edit9032Hiss.mp3,Defence,Defence/edit9032hiss,train
Defence/Edit9033Hiss.mp3,Defence,Defence/edit9033hiss,train
Defence/Edit9034Hiss.mp3,Defence,Defence/edit9034hiss,train
Defence/Edit9035Hiss.mp3,Defence,Defence/edit9035hiss,val
Defence/Edit9036Hiss.mp3,Defence,Defence/edit9036hiss,train
Defence/Edit9038Hiss.mp3,Defence,Defence/edit9038hiss,train
Defence/Edit9039Hiss.mp3,Defence,Defence/edit9039hiss,test
Defence/Edit9040Hiss.mp3,Defence,Defence/edit9040hiss,train
Defence/Edit9041Hiss.mp3,Defence,Defence/edit9041hiss,val
Defence/Edit9042Hiss.mp3,Defence,Defence/edit9042hiss,test
Defence/Edit9043Hiss.mp3,Defence,Defence/edit9043hiss,val
Defence/Edit9044Hiss.mp3,Defence,Defence/edit9044hiss,train
Defence/Edit9045Hiss.mp3,Defence,Defence/edit9045hiss,train
Defence/Edit9046Hiss.mp3,Defence,Defence/edit9046hiss,train
Defence/Edit9047Hiss.mp3,Defence,Defence/edit9047hiss,train
Defence/Edit9048Hiss.mp3,Defence,Defence/edit9048hiss,test
Defence/Edit9049Hiss.mp3,Defence,Defence/edit9049hiss,train
Defence/Edit9050Hiss.mp3,Defence,Defence/edit9050hiss,train
Defence/Edit9051Hiss.mp3,Defence,Defence/edit9051hiss,train
Defence/Edit9053Hiss.mp3,Defence,Defence/edit9053hiss,train
Defence/Edit9055Hiss.mp3,Defence,Defence/edit9055hiss,train
Defence/Edit9056Hiss.mp3,Defence,Defence/edit9056hiss,train
Defence/Edit9057Hiss.mp3,Defence,Defence/edit9057hiss,train
Defence/Edit9058Hiss.mp3,Defence,Defence/edit9058hiss,train
Defence/Edit9060Hiss.mp3,Defence,Defence/edit9060hiss,train
Defence/Edit9061Hiss.mp3,Defence,Defence/edit9061hiss,val
Defence/Edit9062Hiss.mp3,Defence,Defence/edit9062hiss,test
Defence/Edit9063Hiss.mp3,Defence,Defence/edit9063hiss,test
Defence/Edit9064Hiss.mp3,Defence,Defence/edit9064hiss,train
Defence/Edit9065Hiss.mp3,Defence,Defence/edit9065hiss,train
Defence/Edit9066Hiss.mp3,Defence,Defence/edit9066hiss,train
Defence/Edit9067Hiss.mp3,Defence,Defence/edit9067hiss,train
Defence/Edit9068Hiss.mp3,Defence,Defence/edit9068hiss,train
Defence/Edit9069Hiss.mp3,Defence,Defence/edit9069hiss,train
Defence/Edit9070Hiss.mp3,Defence,Defence/edit9070hiss,train
Defence/Edit9071Hiss.mp3,Defence,Defence/edit9071hiss,train
Defence/Edit9072Hiss.mp3,Defence,Defence/edit9072hiss,train
Defence/Edit9073Hiss.mp3,Defence,Defence/edit9073hiss,train
Defence/Edit9074Hiss.mp3,Defence,Defence/edit9074hiss,test
Defence/Edit9075Hiss.mp3,Defence,Defence/edit9075hiss,val
Defence/Edit9076Hiss.mp3,Defence,Defence/edit9076hiss,train
Defence/Edit9078Hiss.mp3,Defence,Defence/edit9078hiss,test
Defence/Edit9079Hiss.mp3,Defence,Defence/edit9079hiss,train
Defence/Edit9080Hiss.mp3,Defence,Defence/edit9080hiss,train
Defence/Edit9081Hiss.mp3,Defence,Defence/edit9081hiss,train
Defence/Edit9112Hiss.mp3,Defence,Defence/edit9112hiss,train
Defence/Edit9114Hiss.mp3,Defence,Defence/edit9114hiss,test
Defence/Edit9115Hiss.mp3,Defence,Defence/edit9115hiss,train
Defence/Edit9116Hiss.mp3,Defence,Defence/edit9116hiss,val
Defence/Edit9119Hiss.mp3,Defence,Defence/edit9119hiss,train
Defence/LastEntry_cat1001Hiss.mp3,Defence,Defence/lastentry_cat1001hiss,train
Defence/LastEntry_cat1013Hiss.mp3,Defence,Defence/lastentry_cat1013hiss,train
Defence/LastEntry_cat1017Hiss (2).mp3,Defence,Defence/lastentry_cat1017hiss,train
Defence/LastEntry_cat1017Hiss.mp3,Defence,Defence/lastentry_cat1017hiss,test
Defence/LastEntry_cat1042Hiss.mp3,Defence,Defence/lastentry_cat1042hiss,val
Defence/LastEntry_cat1044Hiss.mp3,Defence,Defence/lastentry_cat1044hiss,test
Defence/LastEntry_cat1045Hiss.mp3,Defence,Defence/lastentry_cat1045hiss,train
Defence/LastEntry_cat1046Hiss.mp3,Defence,Defence/lastentry_cat1046hiss,train
Defence/LastEntry_cat1047Hiss.mp3,Defence,Defence/lastentry_cat1047hiss,test
Defence/LastEntry_cat1071Hiss (2).mp3,Defence,Defence/lastentry_cat1071hiss,train
Defence/LastEntry_cat1071Hiss.mp3,Defence,Defence/lastentry_cat1071hiss,train
Defence/LastEntry_cat1073Hiss.mp3,Defence,Defence/lastentry_cat1073hiss,train
Defence/LastEntry_cat1074Hiss.mp3,Defence,Defence/lastentry_cat1074hiss,test
Defence/LastEntry_cat1076Hiss.mp3,Defence,Defence/lastentry_cat1076hiss,test
Defence/LastEntry_cat1077Hiss.mp3,Defence,Defence/lastentry_cat1077hiss,test
Defence/LastEntry_cat1078Hiss.mp3,Defence,Defence/lastentry_cat1078hiss,train
Defence/LastEntry_cat1079Hiss.mp3,Defence,Defence/lastentry_cat1079hiss,test
Defence/LastEntry_cat1080Hiss.mp3,Defence,Defence/lastentry_cat1080hiss,train
Defence/LastEntry_cat1082Hiss.mp3,Defence,Defence/lastentry_cat1082hiss,train
Defence/LastEntry_cat1083Hiss (2).mp3,Defence,Defence/lastentry_cat1083hiss,val
Defence/LastEntry_cat1083Hiss.mp3,Defence,Defence/lastentry_cat1083hiss,train
Defence/LastEntry_cat1084Hiss.mp3,Defence,Defence/lastentry_cat1084hiss,train
Defence/LastEntry_cat1089Hiss.mp3,Defence,Defence/lastentry_cat1089hiss,val
Defence/LastEntry_cat1090Hiss (2).mp3,Defence,Defence/lastentry_cat1090hiss,train
Defence/LastEntry_cat1090Hiss.mp3,Defence,Defence/lastentry_cat1090hiss,train
Defence/LastEntry_cat1091Hiss.mp3,Defence,Defence/lastentry_cat1091hiss,train
Defence/LastEntry_cat1092Hiss.mp3,Defence,Defence/lastentry_cat1092hiss,train
Defence/LastEntry_cat1093Hiss.mp3,Defence,Defence/lastentry_cat1093hiss,train
Defence/LastEntry_cat1096Hiss.mp3,Defence,Defence/lastentry_cat1096hiss,train
Defence/LastEntry_cat1097Hiss.mp3,Defence,Defence/lastentry_cat1097hiss,train
Defence/LastEntry_cat1200Hiss.mp3,Defence,Defence/lastentry_cat1200hiss,train
Defence/LastEntry_cat1208Hiss.mp3,Defence,Defence/lastentry_cat1208hiss,val
Defence/LastEntry_cat1287Hiss.mp3,Defence,Defence/lastentry_cat1287hiss,train
Defence/LastEntry_cat1289Hiss.mp3,Defence,Defence/lastentry_cat1289hiss,val
Defence/LastEntry_cat1291Hiss.mp3,Defence,Defence/lastentry_cat1291hiss,val
Defence/LastEntry_cat1292Hiss.mp3,Defence,Defence/lastentry_cat1292hiss,val
Defence/LastEntry_cat1294Hiss.mp3,Defence,Defence/lastentry_cat1294hiss,val
Defence/LastEntry_cat1299Hiss.mp3,Defence,Defence/lastentry_cat1299hiss,val
Defence/LastEntry_cat1302Hiss.mp3,Defence,Defence/lastentry_cat1302hiss,train
Defence/LastEntry_cat1305Hiss.mp3,Defence,Defence/lastentry_cat1305hiss,train
Defence/LastEntry_cat1307Hiss.mp3,Defence,Defence/lastentry_cat1307hiss,train
Defence/LastEntry_cat1311Hiss.mp3,Defence,Defence/lastentry_cat1311hiss,train
Defence/LastEntry_cat1312Hiss.mp3,Defence,Defence/lastentry_cat1312hiss,val
Defence/LastEntry_cat1314Hiss.mp3,Defence,Defence/lastentry_cat1314hiss,train
Defence/LastEntry_cat1316Hiss.mp3,Defence,Defence/lastentry_cat1316hiss,train
Defence/LastEntry_cat1320Hiss.mp3,Defence,Defence/lastentry_cat1320hiss,train
Defence/LastEntry_cat1321Hiss.mp3,Defence,Defence/lastentry_cat1321hiss,train
Defence/LastEntry_cat1322Hiss.mp3,Defence,Defence/lastentry_cat1322hiss,test
Defence/LastEntry_cat1324Hiss.mp3,Defence,Defence/lastentry_cat1324hiss,train
Defence/LastEntry_cat1325Hiss.mp3,Defence,Defence/lastentry_cat1325hiss,val
Defence/LastEntry_cat1326Hiss.mp3,Defence,Defence/lastentry_cat1326hiss,train
Defence/LastEntry_cat1327Hiss.mp3,Defence,Defence/lastentry_cat1327hiss,train
Defence/LastEntry_cat1329Hiss.mp3,Defence,Defence/lastentry_cat1329hiss,val
Defence/LastEntry_cat1330Hiss.mp3,Defence,Defence/lastentry_cat1330hiss,test
Defence/LastEntry_cat1332Hiss.mp3,Defence,Defence/lastentry_cat1332hiss,train
Defence/LastEntry_cat1335Hiss.mp3,Defence,Defence/lastentry_cat1335hiss,test
Defence/LastEntry_cat1337Hiss.mp3,Defence,Defence/lastentry_cat1337hiss,train
Defence/LastEntry_cat1339Hiss.mp3,Defence,Defence/lastentry_cat1339hiss,train
Defence/LastEntry_cat1341Hiss.mp3,Defence,Defence/lastentry_cat1341hiss,train
Defence/LastEntry_cat1343Hiss.mp3,Defence,Defence/lastentry_cat1343hiss,train
Defence/LastEntry_cat1345Hiss.mp3,Defence,Defence/lastentry_cat1345hiss,train
Defence/LastEntry_cat1347Hiss.mp3,Defence,Defence/lastentry_cat1347hiss,train
Defence/LastEntry_cat1349Hiss.mp3,Defence,Defence/lastentry_cat1349hiss,train
Defence/LastEntry_cat1352Hiss.mp3,Defence,Defence/lastentry_cat1352hiss,train
Defence/LastEntry_cat1355Hiss.mp3,Defence,Defence/lastentry_cat1355hiss,train
Defence/LastEntry_cat1357Hiss.mp3,Defence,Defence/lastentry_cat1357hiss,val
Defence/LastEntry_cat1360Hiss.mp3,Defence,Defence/lastentry_cat1360hiss,train
Defence/LastEntry_cat1363Grl (2).mp3,Defence,Defence/lastentry_cat1363grl,train
Defence/LastEntry_cat1363Hiss (2).mp3,Defence,Defence/lastentry_cat1363hiss,train
Defence/LastEntry_cat1363Hiss (3).mp3,Defence,Defence/lastentry_cat1363hiss,train
Defence/LastEntry_cat1363Hiss.mp3,Defence,Defence/lastentry_cat1363hiss,train
Defence/LastEntry_cat1364Hiss.mp3,Defence,Defence/lastentry_cat1364hiss,train
Defence/LastEntry_cat1367Hiss (2).mp3,Defence,Defence/lastentry_cat1367hiss,train
Defence/LastEntry_cat1367Hiss.mp3,Defence,Defence/lastentry_cat1367hiss,train
Defence/Last_addCat101Hiss.mp3,Defence,Defence/last_addcat101hiss,train
Defence/Last_addCat104Hiss.mp3,Defence,Defence/last_addcat104hiss,train
Defence/Last_addCat109Hiss.mp3,Defence,Defence/last_addcat109hiss,train
Defence/Last_addCat252hiss.mp3,Defence,Defence/last_addcat252hiss,train
Defence/Last_addCat259His.mp3,Defence,Defence/last_addcat259his,train
Defence/Last_addCat274Hiss.mp3,Defence,Defence/last_addcat274hiss,val
Defence/Last_addCat275Hiss.mp3,Defence,Defence/last_addcat275hiss,train
Defence/Last_addCat276Hiss.mp3,Defence,Defence/last_addcat276hiss,val
Defence/Last_addCat277Hiss.mp3,Defence,Defence/last_addcat277hiss,test
Defence/Last_addCat286Hiss.mp3,Defence,Defence/last_addcat286hiss,train
Defence/Last_addCat290Hiss.mp3,Defence,Defence/last_addcat290hiss,val
Defence/Last_addCat291Hiss.mp3,Defence,Defence/last_addcat291hiss,train
Defence/Last_addCat331Hiss.mp3,Defence,Defence/last_addcat331hiss,train
Defence/Last_addCat334Hiss.mp3,Defence,Defence/last_addcat334hiss,test
Defence/Last_addCat338Hiss.mp3,Defence,Defence/last_addcat338hiss,train
Defence/Last_addCat341Hiss.mp3,Defence,Defence/last_addcat341hiss,train
Defence/Last_addCat348Hiss.mp3,Defence,Defence/last_addcat348hiss,test
Defence/Last_addCat354Hiss.mp3,Defence,Defence/last_addcat354hiss,train
Defence/Online_Cat0294hiss.mp3,Defence,Defence/online_cat0294hiss,train
Defence/Online_Cat0296Hiss.mp3,Defence,Defence/online_cat0296hiss,train
Defence/Online_Cat0297Hiss.mp3,Defence,Defence/online_cat0297hiss,test
Defence/Online_Cat0299Hiss.mp3,Defence,Defence/online_cat0299hiss,test
Defence/Online_Cat0303Hiss.mp3,Defence,Defence/online_cat0303hiss,train
Defence/Online_Cat0384hiss.mp3,Defence,Defence/online_cat0384hiss,train
Defence/Online_Cat0457his.mp3,Defence,Defence/online_cat0457his,train
Defence/YashLL_Cat0223Hiss.mp3,Defence,Defence/yashll_cat0223hiss,train
Defence/car_extcoll0159.mp3,Defence,Defence/car_extcoll0159,train
Defence/car_extcoll0161.mp3,Defence,Defence/car_extcoll0161,train
Defence/car_extcoll0164.mp3,Defence,Defence/car_extcoll0164,train
Defence/car_extcoll0165.mp3,Defence,Defence/car_extcoll0165,train
Defence/car_extcoll0166.mp3,Defence,Defence/car_extcoll0166,train
Defence/car_extcoll0168.mp3,Defence,Defence/car_extcoll0168,train
Defence/car_extcoll0180.mp3,Defence,Defence/car_extcoll0180,train
Defence/car_extcoll0181.mp3,Defence,Defence/car_extcoll0181,train
Defence/car_extcoll01817.mp3,Defence,Defence/car_extcoll01817,train
Defence/car_extcoll0235.mp3,Defence,Defence/car_extcoll0235,train
Defence/car_extcoll0236.mp3,Defence,Defence/car_extcoll0236,test
Defence/car_extcoll0251.mp3,Defence,Defence/car_extcoll0251,train
Defence/car_extcoll02516.mp3,Defence,Defence/car_extcoll02516,test
Defence/car_extcoll0255.mp3,Defence,Defence/car_extcoll0255,train
Defence/car_extcoll0259.mp3,Defence,Defence/car_extcoll0259,test
Defence/car_extcoll0263.mp3,Defence,Defence/car_extcoll0263,train
Defence/car_extcoll0265.mp3,Defence,Defence/car_extcoll0265,val
Defence/car_extcoll0268.mp3,Defence,Defence/car_extcoll0268,val
Defence/car_extcoll0276.mp3,Defence,Defence/car_extcoll0276,train
Defence/car_extcoll0287.mp3,Defence,Defence/car_extcoll0287,train
Defence/car_extcoll0290.mp3,Defence,Defence/car_extcoll0290,train
Defence/car_extcoll0292.mp3,Defence,Defence/car_extcoll0292,train
Defence/cat01.mp3,Defence,Defence/cat01,train
Defence/cat04.mp3,Defence,Defence/cat04,train
Defence/cat06.mp3,Defence,Defence/cat06,test
Defence/cat07.mp3,Defence,Defence/cat07,train
Defence/cat08.mp3,Defence,Defence/cat08,test
Defence/cat10.mp3,Defence,Defence/cat10,train
Defence/cat11.mp3,Defence,Defence/cat11,train
Defence/cat13.mp3,Defence,Defence/cat13,val
Defence/cat_flickr0105.mp3,Defence,Defence/cat_flickr0105,train
Defence/cat_flickr0124.mp3,Defence,Defence/cat_flickr0124,train
Defence/cat_flickr01347.mp3,Defence,Defence/cat_flickr01347,train
Defence/cat_flickr01351.mp3,Defence,Defence/cat_flickr01351,train
Defence/cat_flickr01355.mp3,Defence,Defence/cat_flickr01355,val
Defence/cat_flickr01356.mp3,Defence,Defence/cat_flickr01356,train
Defence/cat_flickr01364.mp3,Defence,Defence/cat_flickr01364,train
Defence/cat_flickr01413.mp3,Defence,Defence/cat_flickr01413,train
Defence/cat_flickr01440.mp3,Defence,Defence/cat_flickr01440,val
Defence/cat_flickr01465.mp3,Defence,Defence/cat_flickr01465,train
Defence/cat_flickr01468.mp3,Defence,Defence/cat_flickr01468,val
Defence/cat_flickr01470.mp3,Defence,Defence/cat_flickr01470,train
Defence/cat_flickr01471.mp3,Defence,Defence/cat_flickr01471,train
Defence/cat_flickr01473.mp3,Defence,Defence/cat_flickr01473,train
Defence/cat_flickr0153.mp3,Defence,Defence/cat_flickr0153,test
Defence/cat_flickr0154.mp3,Defence,Defence/cat_flickr0154,test
Defence/cat_flickr0155.mp3,Defence,Defence/cat_flickr0155,train
Defence/cat_flickr0156.mp3,Defence,Defence/cat_flickr0156,val
Defence/cat_flickr0157.mp3,Defence,Defence/cat_flickr0157,train
Defence/cat_flickr0175.mp3,Defence,Defence/cat_flickr0175,train
Defence/cat_flickr0176.mp3,Defence,Defence/cat_flickr0176,train
Defence/cat_flickr0181.mp3,Defence,Defence/cat_flickr0181,train
Defence/hiss.mp3,Defence,Defence/hiss,train
Fighting/CAT (1).mp3,Fighting,Fighting/cat,val
Fighting/Cat_Anger10037.mp3,Fighting,Fighting/cat_anger10037,train
Fighting/Edit9001Ang.mp3,Fighting,Fighting/edit9001ang,test
Fighting/Edit9023fit.mp3,Fighting,Fighting/edit9023fit,train
Fighting/Edit9025Fit.mp3,Fighting,Fighting/edit9025fit,val
Fighting/Edit9120Fit.mp3,Fighting,Fighting/edit9120fit,train
Fighting/LastEntry_cat1021Fit.mp3,Fighting,Fighting/lastentry_cat1021fit,val
Fighting/LastEntry_cat1050Fit.mp3,Fighting,Fighting/lastentry_cat1050fit,test
Fighting/LastEntry_cat1051fit.mp3,Fighting,Fighting/lastentry_cat1051fit,val
Fighting/LastEntry_cat1088Fit.mp3,Fighting,Fighting/lastentry_cat1088fit,train
Fighting/LastEntry_cat1201Fit.mp3,Fighting,Fighting/lastentry_cat1201fit,train
Fighting/LastEntry_cat1203Fit.mp3,Fighting,Fighting/lastentry_cat1203fit,test
Fighting/LastEntry_cat1204Fit.mp3,Fighting,Fighting/lastentry_cat1204fit,train
Fighting/LastEntry_cat1206Ang.mp3,Fighting,Fighting/lastentry_cat1206ang,val
Fighting/LastEntry_cat1207Fit.mp3,Fighting,Fighting/lastentry_cat1207fit,train
Fighting/LastEntry_cat1300Fit.mp3,Fighting,Fighting/lastentry_cat1300fit,test
Fighting/LastEntry_cat1303Grl.mp3,Fighting,Fighting/lastentry_cat1303grl,train
Fighting/LastEntry_cat1306Fit.mp3,Fighting,Fighting/lastentry_cat1306fit,train
Fighting/LastEntry_cat1313Fit.mp3,Fighting,Fighting/lastentry_cat1313fit,test
Fighting/LastEntry_cat1315Fit.mp3,Fighting,Fighting/lastentry_cat1315fit,val
Fighting/LastEntry_cat1319Fit.mp3,Fighting,Fighting/lastentry_cat1319fit,train
Fighting/Last_addCat100ang.mp3,Fighting,Fighting/last_addcat100ang,train
Fighting/Last_addCat110Fit.mp3,Fighting,Fighting/last_addcat110fit,train
Fighting/Last_addCat112Fit.mp3,Fighting,Fighting/last_addcat112fit,train
Fighting/Last_addCat113Fit.mp3,Fighting,Fighting/last_addcat113fit,train
Fighting/Last_addCat114Fit.mp3,Fighting,Fighting/last_addcat114fit,train
Fighting/Last_addCat115Fit.mp3,Fighting,Fighting/last_addcat115fit,train
Fighting/Last_addCat116Fit.mp3,Fighting,Fighting/last_addcat116fit,train
Fighting/Last_addCat119Fit.mp3,Fighting,Fighting/last_addcat119fit,test
Fighting/Last_addCat120Fit.mp3,Fighting,Fighting/last_addcat120fit,train
Fighting/Last_addCat176Ang.mp3,Fighting,Fighting/last_addcat176ang,train
Fighting/Last_addCat251Ang.mp3,Fighting,Fighting/last_addcat251ang,train
Fighting/Last_addCat254fit.mp3,Fighting,Fighting/last_addcat254fit,train
Fighting/Last_addCat257Fit.mp3,Fighting,Fighting/last_addcat257fit,train
Fighting/Last_addCat258Fit.mp3,Fighting,Fighting/last_addcat258fit,train
Fighting/Last_addCat260Fit.mp3,Fighting,Fighting/last_addcat260fit,train
Fighting/Last_addCat261Fit.mp3,Fighting,Fighting/last_addcat261fit,train
Fighting/Last_addCat262Fit.mp3,Fighting,Fighting/last_addcat262fit,train
Fighting/Last_addCat263Fit.mp3,Fighting,Fighting/last_addcat263fit,val
Fighting/Last_addCat264Fit.mp3,Fighting,Fighting/last_addcat264fit,train
Fighting/Last_addCat265Fit.mp3,Fighting,Fighting/last_addcat265fit,train
Fighting/Last_addCat271Fit.mp3,Fighting,Fighting/last_addcat271fit,train
Fighting/Last_addCat272Fit.mp3,Fighting,Fighting/last_addcat272fit,train
Fighting/Last_addCat273Fit.mp3,Fighting,Fighting/last_addcat273fit,val
Fighting/Last_addCat279Fit (2).mp3,Fighting,Fighting/last_addcat279fit,train
Fighting/Last_addCat279Fit.mp3,Fighting,Fighting/last_addcat279fit,train
Fighting/Last_addCat282fit (2).mp3,Fighting,Fighting/last_addcat282fit,test
Fighting/Last_addCat282fit.mp3,Fighting,Fighting/last_addcat282fit,train
Fighting/Last_addCat283fit.mp3,Fighting,Fighting/last_addcat283fit,test
Fighting/Last_addCat284fit.mp3,Fighting,Fighting/last_addcat284fit,train
Fighting/Last_addCat288Fit.mp3,Fighting,Fighting/last_addcat288fit,train
Fighting/Last_addCat289Fit.mp3,Fighting,Fighting/last_addcat289fit,train
Fighting/Last_addCat292Fit.mp3,Fighting,Fighting/last_addcat292fit,train
Fighting/Last_addCat315Fit.mp3,Fighting,Fighting/last_addcat315fit,val
Fighting/Last_addCat317Fit.mp3,Fighting,Fighting/last_addcat317fit,train
Fighting/Last_addCat318Fit.mp3,Fighting,Fighting/last_addcat318fit,train
Fighting/Last_addCat320Fit.mp3,Fighting,Fighting/last_addcat320fit,train
Fighting/Last_addCat324Fit.mp3,Fighting,Fighting/last_addcat324fit,test
Fighting/Last_addCat325Fit.mp3,Fighting,Fighting/last_addcat325fit,train
Fighting/Last_addCat335Fit.mp3,Fighting,Fighting/last_addcat335fit,train
Fighting/Last_addCat336Fit.mp3,Fighting,Fighting/last_addcat336fit,test
Fighting/Last_addCat339Fit.mp3,Fighting,Fighting/last_addcat339fit,train
Fighting/Last_addCat363Fit.mp3,Fighting,Fighting/last_addcat363fit,train
Fighting/Last_addCat364Fit.mp3,Fighting,Fighting/last_addcat364fit,train
Fighting/Last_addCat365Fit.mp3,Fighting,Fighting/last_addcat365fit,train
Fighting/Online_Cat0292.mp3,Fighting,Fighting/online_cat0292,train
Fighting/Online_Cat0300Angry.mp3,Fighting,Fighting/online_cat0300angry,train
Fighting/Online_Cat0301Angry.mp3,Fighting,Fighting/online_cat0301angry,train
Fighting/Online_Cat0302Angry.mp3,Fighting,Fighting/online_cat0302angry,train
Fighting/Online_Cat0323ang.mp3,Fighting,Fighting/online_cat0323ang,test
Fighting/Online_Cat0326fit.mp3,Fighting,Fighting/online_cat0326fit,train
Fighting/Online_Cat0327fit.mp3,Fighting,Fighting/online_cat0327fit,train
Fighting/Online_Cat0328fit (2).mp3,Fighting,Fighting/online_cat0328fit,train
Fighting/Online_Cat0328fit.mp3,Fighting,Fighting/online_cat0328fit,val
Fighting/Online_Cat0330Ang.mp3,Fighting,Fighting/online_cat0330ang,train
Fighting/Online_Cat0334ang.mp3,Fighting,Fighting/online_cat0334ang,train
Fighting/Online_Cat0335Ang.mp3,Fighting,Fighting/online_cat0335ang,train
Fighting/Online_Cat0350Ang.mp3,Fighting,Fighting/online_cat0350ang,train
Fighting/Online_Cat0356ang.mp3,Fighting,Fighting/online_cat0356ang,train
Fighting/Online_Cat0357Ang.mp3,Fighting,Fighting/online_cat0357ang,val
Fighting/Online_Cat0363fit.mp3,Fighting,Fighting/online_cat0363fit,train
Fighting/Online_Cat0367Ang.mp3,Fighting,Fighting/online_cat0367ang,train
Fighting/Online_Cat0367fit.mp3,Fighting,Fighting/online_cat0367fit,train
Fighting/Online_Cat0369fit.mp3,Fighting,Fighting/online_cat0369fit,train
Fighting/Online_Cat0382Ang.mp3,Fighting,Fighting/online_cat0382ang,train
Fighting/Online_Cat0383fit.mp3,Fighting,Fighting/online_cat0383fit,train
Fighting/Online_Cat0385Ang.mp3,Fighting,Fighting/online_cat0385ang,train
Fighting/Online_Cat0436fit.mp3,Fighting,Fighting/online_cat0436fit,train
Fighting/Online_Cat0437fit.mp3,Fighting,Fighting/online_cat0437fit,train
Fighting/Online_Cat0438fit.mp3,Fighting,Fighting/online_cat0438fit,test
Fighting/Online_Cat0439Fit.mp3,Fighting,Fighting/online_cat0439fit,test
Fighting/Online_Cat0440Fit.mp3,Fighting,Fighting/online_cat0440fit,test
Fighting/Online_Cat0441Fit.mp3,Fighting,Fighting/online_cat0441fit,train
Fighting/Online_Cat0443Fit.mp3,Fighting,Fighting/online_cat0443fit,train
Fighting/Online_Cat0446Fit.mp3,Fighting,Fighting/online_cat0446fit,train
Fighting/Online_Cat0462Ang.mp3,Fighting,Fighting/online_cat0462ang,train
Fighting/Online_Cat0463Ang.mp3,Fighting,Fighting/online_cat0463ang,train
Fighting/Online_Cat0466Fit.mp3,Fighting,Fighting/online_cat0466fit,train
Fighting/Online_Cat0476Fit.mp3,Fighting,Fighting/online_cat0476fit,train
Fighting/Online_Cat0484Ang.mp3,Fighting,Fighting/online_cat0484ang,train
Fighting/Online_Cat0498Ang.mp3,Fighting,Fighting/online_cat0498ang,train
Fighting/Online_Cat0550Fit.mp3,Fighting,Fighting/online_cat0550fit,val
Fighting/Online_Cat0554Fit.mp3,Fighting,Fighting/online_cat0554fit,train
Fighting/Online_Cat0555Fit.mp3,Fighting,Fighting/online_cat0555fit,train
Fighting/Online_Cat0556Fit.mp3,Fighting,Fighting/online_cat0556fit,train
Fighting/Online_Cat0557Fit.mp3,Fighting,Fighting/online_cat0557fit,train
Fighting/Online_Cat0558Fit.mp3,Fighting,Fighting/online_cat0558fit,train
Fighting/Online_Cat0559Fit.mp3,Fighting,Fighting/online_cat0559fit,train
Fighting/Online_Cat0560Fit (2).mp3,Fighting,Fighting/online_cat0560fit,train
Fighting/Online_Cat0560Fit.mp3,Fighting,Fighting/online_cat0560fit,train
Fighting/YashLL_CONF_Cat0261Fit (1).mp3,Fighting,Fighting/yashll_conf_cat0261fit,train
Fighting/YashLL_CONF_Cat0261Fit (10).mp3,Fighting,Fighting/yashll_conf_cat0261fit,train
Fighting/YashLL_CONF_Cat0261Fit (11).mp3,Fighting,Fighting/yashll_conf_cat0261fit,train
Fighting/YashLL_CONF_Cat0261Fit (12).mp3,Fighting,Fighting/yashll_conf_cat0261fit,train
Fighting/YashLL_CONF_Cat0261Fit (13).mp3,Fighting,Fighting/yashll_conf_cat0261fit,train
Fighting/YashLL_CONF_Cat0261Fit (14).mp3,Fighting,Fighting/yashll_conf_cat0261fit,train
Fighting/YashLL_CONF_Cat0261Fit (15).mp3,Fighting,Fighting/yashll_conf_cat0261fit,val
Fighting/YashLL_CONF_Cat0261Fit (16).mp3,Fighting,Fighting/yashll_conf_cat0261fit,test
Fighting/YashLL_CONF_Cat0261Fit (17).mp3,Fighting,Fighting/yashll_conf_cat0261fit,train
Fighting/YashLL_CONF_Cat0261Fit (18).mp3,Fighting,Fighting/yashll_conf_cat0261fit,train
Fighting/YashLL_CONF_Cat0261Fit (19).mp3,Fighting,Fighting/yashll_conf_cat0261fit,train
Fighting/YashLL_CONF_Cat0261Fit (2).mp3,Fighting,Fighting/yashll_conf_cat0261fit,test
Fighting/YashLL_CONF_Cat0261Fit (20).mp3,Fighting,Fighting/yashll_conf_cat0261fit,train
Fighting/YashLL_CONF_Cat0261Fit (21).mp3,Fighting,Fighting/yashll_conf_cat0261fit,train
Fighting/YashLL_CONF_Cat0261Fit (22).mp3,Fighting,Fighting/yashll_conf_cat0261fit,train
Fighting/YashLL_CONF_Cat0261Fit (23).mp3,Fighting,Fighting/yashll_conf_cat0261fit,test
Fighting/YashLL_CONF_Cat0261Fit (24).mp3,Fighting,Fighting/yashll_conf_cat0261fit,train
Fighting/YashLL_CONF_Cat0261Fit (3).mp3,Fighting,Fighting/yashll_conf_cat0261fit,train
Fighting/YashLL_CONF_Cat0261Fit (4).mp3,Fighting,Fighting/yashll_conf_cat0261fit,train
Fighting/YashLL_CONF_Cat0261Fit (5).mp3,Fighting,Fighting/yashll_conf_cat0261fit,train
Fighting/YashLL_CONF_Cat0261Fit (6).mp3,Fighting,Fighting/yashll_conf_cat0261fit,train
Fighting/YashLL_CONF_Cat0261Fit (7).mp3,Fighting,Fighting/yashll_conf_cat0261fit,test
Fighting/YashLL_CONF_Cat0261Fit (8).mp3,Fighting,Fighting/yashll_conf_cat0261fit,train
Fighting/YashLL_CONF_Cat0261Fit (9).mp3,Fighting,Fighting/yashll_conf_cat0261fit,val
Fighting/YashLL_Cat0214Fit (2).mp3,Fighting,Fighting/yashll_cat0214fit,train
Fighting/YashLL_Cat0214Fit.mp3,Fighting,Fighting/yashll_cat0214fit,test
Fighting/YashLL_Cat0215Fit.mp3,Fighting,Fighting/yashll_cat0215fit,train
Fighting/YashLL_Cat0217Fit.mp3,Fighting,Fighting/yashll_cat0217fit,train
Fighting/YashLL_Cat0217Mating.mp3,Fighting,Fighting/yashll_cat0217mating,train
Fighting/YashLL_Cat0218Fit.mp3,Fighting,Fighting/yashll_cat0218fit,train
Fighting/YashLL_Cat0219Fit.mp3,Fighting,Fighting/yashll_cat0219fit,test
Fighting/YashLL_Cat0220Fit (2).mp3,Fighting,Fighting/yashll_cat0220fit,train
Fighting/YashLL_Cat0220Fit.mp3,Fighting,Fighting/yashll_cat0220fit,test
Fighting/YashLL_Cat0221Fit.mp3,Fighting,Fighting/yashll_cat0221fit,test
Fighting/YashLL_Cat0223Fight.mp3,Fighting,Fighting/yashll_cat0223fight,val
Fighting/YashLL_Cat0231Fit.mp3,Fighting,Fighting/yashll_cat0231fit,test
Fighting/YashLL_Cat0232Fit.mp3,Fighting,Fighting/yashll_cat0232fit,test
Fighting/YashLL_Cat0233Fit.mp3,Fighting,Fighting/yashll_cat0233fit,test
Fighting/YashLL_Cat0234Fit.mp3,Fighting,Fighting/yashll_cat0234fit,val
Fighting/YashLL_Cat0235Fit.mp3,Fighting,Fighting/yashll_cat0235fit,train
Fighting/YashLL_Cat0236Fit.mp3,Fighting,Fighting/yashll_cat0236fit,train
Fighting/YashLL_Cat0237Fit.mp3,Fighting,Fighting/yashll_cat0237fit,val
Fighting/YashLL_Cat0238Fit.mp3,Fighting,Fighting/yashll_cat0238fit,train
Fighting/YashLL_Cat0239Fit.mp3,Fighting,Fighting/yashll_cat0239fit,train
Fighting/YashLL_Cat0240Fit (2).mp3,Fighting,Fighting/yashll_cat0240fit,train
Fighting/YashLL_Cat0240Fit.mp3,Fighting,Fighting/yashll_cat0240fit,test
Fighting/YashLL_Cat0241Fit.mp3,Fighting,Fighting/yashll_cat0241fit,train
Fighting/YashLL_Cat0242Fit.mp3,Fighting,Fighting/yashll_cat0242fit,train
Fighting/YashLL_Cat0243Fit (2).mp3,Fighting,Fighting/yashll_cat0243fit,val
Fighting/YashLL_Cat0243Fit (3).mp3,Fighting,Fighting/yashll_cat0243fit,test
Fighting/YashLL_Cat0243Fit.mp3,Fighting,Fighting/yashll_cat0243fit,train
Fighting/YashLL_Cat0244Fit.mp3,Fighting,Fighting/yashll_cat0244fit,train
Fighting/YashLL_Cat0245Fit.mp3,Fighting,Fighting/yashll_cat0245fit,train
Fighting/YashLL_Cat0246Fit.mp3,Fighting,Fighting/yashll_cat0246fit,val
Fighting/YashLL_Cat0247Fit.mp3,Fighting,Fighting/yashll_cat0247fit,val
Fighting/YashLL_Cat0248Fit.mp3,Fighting,Fighting/yashll_cat0248fit,train
Fighting/YashLL_Cat0249Fight.mp3,Fighting,Fighting/yashll_cat0249fight,val
Fighting/YashLL_Cat0249Fit.mp3,Fighting,Fighting/yashll_cat0249fit,val
Fighting/YashLL_Cat0250Fight.mp3,Fighting,Fighting/yashll_cat0250fight,train
Fighting/YashLL_Cat0250Fit.mp3,Fighting,Fighting/yashll_cat0250fit,test
Fighting/YashLL_Cat0251Fight.mp3,Fighting,Fighting/yashll_cat0251fight,train
Fighting/YashLL_Cat0251Fit.mp3,Fighting,Fighting/yashll_cat0251fit,train
Fighting/YashLL_Cat0252Fight (2).mp3,Fighting,Fighting/yashll_cat0252fight,val
Fighting/YashLL_Cat0252Fight.mp3,Fighting,Fighting/yashll_cat0252fight,test
Fighting/YashLL_Cat0252Fit.mp3,Fighting,Fighting/yashll_cat0252fit,train
Fighting/YashLL_Cat0253Fit.mp3,Fighting,Fighting/yashll_cat0253fit,train
Fighting/YashLL_Cat0254Fit.mp3,Fighting,Fighting/yashll_cat0254fit,train
Fighting/YashLL_Cat0255Fit.mp3,Fighting,Fighting/yashll_cat0255fit,train
Fighting/YashLL_Cat0256Fit.mp3,Fighting,Fighting/yashll_cat0256fit,train
Fighting/YashLL_Cat0257Fit.mp3,Fighting,Fighting/yashll_cat0257fit,train
Fighting/YashLL_Cat0258Fit (2).mp3,Fighting,Fighting/yashll_cat0258fit,train
Fighting/YashLL_Cat0258Fit.mp3,Fighting,Fighting/yashll_cat0258fit,test
Fighting/YashLL_Cat0259Fit.mp3,Fighting,Fighting/yashll_cat0259fit,train
Fighting/YashLL_Cat0260Fit.mp3,Fighting,Fighting/yashll_cat0260fit,train
Fighting/YashLL_Cat0261Fit.mp3,Fighting,Fighting/yashll_cat0261fit,val
Fighting/YashLL_Cat0262Fit.mp3,Fighting,Fighting/yashll_cat0262fit,train
Fighting/YashLL_Cat0263Fit.mp3,Fighting,Fighting/yashll_cat0263fit,train
Fighting/YashLL_Cat0264Fit.mp3,Fighting,Fighting/yashll_cat0264fit,train
Fighting/YashLL_Cat0280Fit.mp3,Fighting,Fighting/yashll_cat0280fit,train
Fighting/YashLL_Cat0284Fit (2).mp3,Fighting,Fighting/yashll_cat0284fit,val
Fighting/YashLL_Cat0284Fit.mp3,Fighting,Fighting/yashll_cat0284fit,test
Fighting/YashLL_Cat0285Fit.mp3,Fighting,Fighting/yashll_cat0285fit,train
Fighting/YashLL_Cat0286Fit.mp3,Fighting,Fighting/yashll_cat0286fit,train
Fighting/YashLL_Cat0287Fit.mp3,Fighting,Fighting/yashll_cat0287fit,val
Fighting/YashLL_Cat0288Fit.mp3,Fighting,Fighting/yashll_cat0288fit,train
Fighting/YashLL_Cat0289Fit.mp3,Fighting,Fighting/yashll_cat0289fit,train
Fighting/YashLL_Cat0290Fit.mp3,Fighting,Fighting/yashll_cat0290fit,train
Fighting/YashLL_Cat0291Fit.mp3,Fighting,Fighting/yashll_cat0291fit,train
Fighting/YashLL_Cat0296Fit.mp3,Fighting,Fighting/yashll_cat0296fit,train
Fighting/YashLL_Cat0298Fit.mp3,Fighting,Fighting/yashll_cat0298fit,val
Fighting/YashLL_Cat0902Fit.mp3,Fighting,Fighting/yashll_cat0902fit,train
Fighting/YashLL_Cat0903Fit.mp3,Fighting,Fighting/yashll_cat0903fit,val
Fighting/YashLL_Cat0904Fit.mp3,Fighting,Fighting/yashll_cat0904fit,test
Fighting/YashLL_Cat0905Fit.mp3,Fighting,Fighting/yashll_cat0905fit,test
Fighting/YashLL_Cat0906Fit.mp3,Fighting,Fighting/yashll_cat0906fit,train
Fighting/YashLL_Cat0907Fit.mp3,Fighting,Fighting/yashll_cat0907fit,train
Fighting/YashLL_Cat0908Fit.mp3,Fighting,Fighting/yashll_cat0908fit,train
Fighting/YashLL_Cat0909Fit.mp3,Fighting,Fighting/yashll_cat0909fit,train
Fighting/YashLL_Cat0910Fit.mp3,Fighting,Fighting/yashll_cat0910fit,train
Fighting/YashLL_Cat0911Fit.mp3,Fighting,Fighting/yashll_cat0911fit,train
Fighting/YashLL_Cat0913Fit.mp3,Fighting,Fighting/yashll_cat0913fit,train
Fighting/YashLL_Cat0914Fit.mp3,Fighting,Fighting/yashll_cat0914fit,train
Fighting/YashLL_Cat0915Fit.mp3,Fighting,Fighting/yashll_cat0915fit,val
Fighting/YashLL_Cat0916Fit.mp3,Fighting,Fighting/yashll_cat0916fit,train
Fighting/YashLL_Cat0917Fit.mp3,Fighting,Fighting/yashll_cat0917fit,val
Fighting/YashLL_Cat0918Fit.mp3,Fighting,Fighting/yashll_cat0918fit,train
Fighting/YashLL_Cat0919Fit.mp3,Fighting,Fighting/yashll_cat0919fit,test
Fighting/YashLL_Cat0920Fit.mp3,Fighting,Fighting/yashll_cat0920fit,train
Fighting/YashLL_Cat0921Fit.mp3,Fighting,Fighting/yashll_cat0921fit,train
Fighting/YashLL_Cat0922Fit.mp3,Fighting,Fighting/yashll_cat0922fit,test
Fighting/YashLL_Cat0923Fit.mp3,Fighting,Fighting/yashll_cat0923fit,train
Fighting/YashLL_Cat0924Fit.mp3,Fighting,Fighting/yashll_cat0924fit,train
Fighting/YashLL_Cat0925Fit.mp3,Fighting,Fighting/yashll_cat0925fit,train
Fighting/YashLL_Cat0926Fit.mp3,Fighting,Fighting/yashll_cat0926fit,train
Fighting/YashLL_Cat0927Fit.mp3,Fighting,Fighting/yashll_cat0927fit,train
Fighting/YashLL_Cat0928Fit.mp3,Fighting,Fighting/yashll_cat0928fit,train
Fighting/YashLL_Cat0930Fit.mp3,Fighting,Fighting/yashll_cat0930fit,val
Fighting/angry4.mp3,Fighting,Fighting/angry4,train
Fighting/car_extcoll0101.mp3,Fighting,Fighting/car_extcoll0101,val
Fighting/car_extcoll0102.mp3,Fighting,Fighting/car_extcoll0102,val
Fighting/car_extcoll0136.mp3,Fighting,Fighting/car_extcoll0136,train
Fighting/car_extcoll0142.mp3,Fighting,Fighting/car_extcoll0142,val
Fighting/car_extcoll0143.mp3,Fighting,Fighting/car_extcoll0143,val
Fighting/car_extcoll0153.mp3,Fighting,Fighting/car_extcoll0153,train
Fighting/car_extcoll0160.mp3,Fighting,Fighting/car_extcoll0160,train
Fighting/car_extcoll0207.mp3,Fighting,Fighting/car_extcoll0207,train
Fighting/car_extcoll0208.mp3,Fighting,Fighting/car_extcoll0208,train
Fighting/car_extcoll0218.mp3,Fighting,Fighting/car_extcoll0218,train
Fighting/car_extcoll0222.mp3,Fighting,Fighting/car_extcoll0222,train
Fighting/car_extcoll0224.mp3,Fighting,Fighting/car_extcoll0224,train
Fighting/car_extcoll0232.mp3,Fighting,Fighting/car_extcoll0232,test
Fighting/car_extcoll0233.mp3,Fighting,Fighting/car_extcoll0233,val
Fighting/car_extcoll0234.mp3,Fighting,Fighting/car_extcoll0234,train
Fighting/car_extcoll0239.mp3,Fighting,Fighting/car_extcoll0239,train
Fighting/car_extcoll0253.mp3,Fighting,Fighting/car_extcoll0253,test
Fighting/car_extcoll0256.mp3,Fighting,Fighting/car_extcoll0256,train
Fighting/car_extcoll0257.mp3,Fighting,Fighting/car_extcoll0257,test
Fighting/car_extcoll0260.mp3,Fighting,Fighting/car_extcoll0260,train
Fighting/car_extcoll0262.mp3,Fighting,Fighting/car_extcoll0262,val
Fighting/car_extcoll0264.mp3,Fighting,Fighting/car_extcoll0264,train
Fighting/car_extcoll0266.mp3,Fighting,Fighting/car_extcoll0266,train
Fighting/car_extcoll0267.mp3,Fighting,Fighting/car_extcoll0267,test
Fighting/car_extcoll0269.mp3,Fighting,Fighting/car_extcoll0269,val
Fighting/car_extcoll0272.mp3,Fighting,Fighting/car_extcoll0272,train
Fighting/car_extcoll0275.mp3,Fighting,Fighting/car_extcoll0275,train
Fighting/car_extcoll0297.mp3,Fighting,Fighting/car_extcoll0297,val
Fighting/car_extcoll0298.mp3,Fighting,Fighting/car_extcoll0298,train
Fighting/car_extcoll0299.mp3,Fighting,Fighting/car_extcoll0299,train
Fighting/car_extcoll0301.mp3,Fighting,Fighting/car_extcoll0301,train
Fighting/cat015.mp3,Fighting,Fighting/cat015,test
Fighting/cat016.mp3,Fighting,Fighting/cat016,train
Fighting/cat017.mp3,Fighting,Fighting/cat017,train
Fighting/cat018.mp3,Fighting,Fighting/cat018,val
Fighting/cat019.mp3,Fighting,Fighting/cat019,train
Fighting/cat021.mp3,Fighting,Fighting/cat021,val
Fighting/cat022.mp3,Fighting,Fighting/cat022,train
Fighting/cat023.mp3,Fighting,Fighting/cat023,train
Fighting/cat0320.mp3,Fighting,Fighting/cat0320,train
Fighting/cat0323.mp3,Fighting,Fighting/cat0323,train
Fighting/cat0333.mp3,Fighting,Fighting/cat0333,val
Fighting/cat0334.mp3,Fighting,Fighting/cat0334,test
Fighting/cat03564.mp3,Fighting,Fighting/cat03564,train
Fighting/cat_122.mp3,Fighting,Fighting/cat_122,train
Fighting/cat_33.mp3,Fighting,Fighting/cat_33,train
Fighting/cat_coll0103.mp3,Fighting,Fighting/cat_coll0103,val
Fighting/cat_coll0104.mp3,Fighting,Fighting/cat_coll0104,train
Fighting/cat_coll0105.mp3,Fighting,Fighting/cat_coll0105,train
Fighting/cat_flickr0101.mp3,Fighting,Fighting/cat_flickr0101,train
Fighting/cat_flickr0102.mp3,Fighting,Fighting/cat_flickr0102,test
Fighting/cat_flickr0103.mp3,Fighting,Fighting/cat_flickr0103,train
Fighting/cat_flickr0105.mp3,Fighting,Fighting/cat_flickr0105,train
Fighting/cat_flickr0110.mp3,Fighting,Fighting/cat_flickr0110,train
Fighting/cat_flickr01302.mp3,Fighting,Fighting/cat_flickr01302,val
Fighting/cat_flickr0131.mp3,Fighting,Fighting/cat_flickr0131,test
Fighting/cat_flickr01338.mp3,Fighting,Fighting/cat_flickr01338,train
Fighting/cat_flickr01341.mp3,Fighting,Fighting/cat_flickr01341,train
Fighting/cat_flickr01342.mp3,Fighting,Fighting/cat_flickr01342,train
Fighting/cat_flickr01343.mp3,Fighting,Fighting/cat_flickr01343,train
Fighting/cat_flickr01421.mp3,Fighting,Fighting/cat_flickr01421,val
Fighting/cat_flickr01449.mp3,Fighting,Fighting/cat_flickr01449,train
Fighting/cat_flickr01459.mp3,Fighting,Fighting/cat_flickr01459,train
Fighting/cat_flickr01464.mp3,Fighting,Fighting/cat_flickr01464,train
Fighting/cat_flickr01500.mp3,Fighting,Fighting/cat_flickr01500,test
Fighting/cat_flickr0170.mp3,Fighting,Fighting/cat_flickr0170,train
Fighting/cat_flickr0171.mp3,Fighting,Fighting/cat_flickr0171,train
Fighting/cat_flickr0172.mp3,Fighting,Fighting/cat_flickr0172,train
Fighting/cat_flickr0173.mp3,Fighting,Fighting/cat_flickr0173,train
Fighting/catangry016.mp3,Fighting,Fighting/catangry016,test
Fighting/quick fight.mp3,Fighting,Fighting/quick fight,train
Happy/1294_1256854279.mp3,Happy,Happy/1294_1256854279,test
Happy/1295_1256854283.mp3,Happy,Happy/1295_1256854283,train
Happy/1296_1256854286.mp3,Happy,Happy/1296_1256854286,test
Happy/473_1230148478(1).mp3,Happy,Happy/473_1230148478,val
Happy/ANIM1027.mp3,Happy,Happy/anim1027,test
Happy/Cat (2).mp3,Happy,Happy/cat,test
Happy/Cat_YoutubeLLT42389.mp3,Happy,Happy/cat_youtubellt42389,train
Happy/Cat_YoutubeLLT42459.mp3,Happy,Happy/cat_youtubellt42459,train
Happy/Catmeow0111.mp3,Happy,Happy/catmeow0111,train
Happy/Edit9006Hpy.mp3,Happy,Happy/edit9006hpy,test
Happy/Edit9082Hpy (2).mp3,Happy,Happy/edit9082hpy,train
Happy/Edit9082Hpy.mp3,Happy,Happy/edit9082hpy,train
Happy/Edit9083Hpy (2).mp3,Happy,Happy/edit9083hpy,test
Happy/Edit9083Hpy.mp3,Happy,Happy/edit9083hpy,train
Happy/Edit9084Hpy.mp3,Happy,Happy/edit9084hpy,train
Happy/Edit9085Hpy.mp3,Happy,Happy/edit9085hpy,train
Happy/Edit9086Hpy.mp3,Happy,Happy/edit9086hpy,train
Happy/Edit9087Hpy.mp3,Happy,Happy/edit9087hpy,train
Happy/Edit9088Hpy.mp3,Happy,Happy/edit9088hpy,test
Happy/Edit9089Hpy.mp3,Happy,Happy/edit9089hpy,val
Happy/Edit9090Hpy.mp3,Happy,Happy/edit9090hpy,train
Happy/Edit9091Hpy.mp3,Happy,Happy/edit9091hpy,train
Happy/Edit9092Hpy.mp3,Happy,Happy/edit9092hpy,train
Happy/Edit9093Hpy.mp3,Happy,Happy/edit9093hpy,train
Happy/Edit9101Hpy.mp3,Happy,Happy/edit9101hpy,test
Happy/Edit9102Hpy.mp3,Happy,Happy/edit9102hpy,val
Happy/Edit9103Hpy.mp3,Happy,Happy/edit9103hpy,train
Happy/Edit9104Hpy.mp3,Happy,Happy/edit9104hpy,train
Happy/LastEntry_cat1018Hpy.mp3,Happy,Happy/lastentry_cat1018hpy,train
Happy/LastEntry_cat1029Hpy.mp3,Happy,Happy/lastentry_cat1029hpy,train
Happy/LastEntry_cat1030Hpy.mp3,Happy,Happy/lastentry_cat1030hpy,val
Happy/LastEntry_cat1031Hpy.mp3,Happy,Happy/lastentry_cat1031hpy,train
Happy/LastEntry_cat1032Hpy.mp3,Happy,Happy/lastentry_cat1032hpy,train
Happy/LastEntry_cat1033Hpy.mp3,Happy,Happy/lastentry_cat1033hpy,val
Happy/LastEntry_cat1034Hpy.mp3,Happy,Happy/lastentry_cat1034hpy,train
Happy/Online_Cat0293.mp3,Happy,Happy/online_cat0293,test
Happy/Online_Cat0324hpy.mp3,Happy,Happy/online_cat0324hpy,val
Happy/Online_Cat0328hpy.mp3,Happy,Happy/online_cat0328hpy,val
Happy/Online_Cat0329hpy.mp3,Happy,Happy/online_cat0329hpy,train
Happy/Online_Cat0331hpy.mp3,Happy,Happy/online_cat0331hpy,val
Happy/Online_Cat0332hpy.mp3,Happy,Happy/online_cat0332hpy,train
Happy/Online_Cat0333hpy.mp3,Happy,Happy/online_cat0333hpy,val
Happy/Online_Cat0337hpy.mp3,Happy,Happy/online_cat0337hpy,train
Happy/Online_Cat0338hpy.mp3,Happy,Happy/online_cat0338hpy,test
Happy/Online_Cat0339hpy.mp3,Happy,Happy/online_cat0339hpy,train
Happy/Online_Cat0342hpy.mp3,Happy,Happy/online_cat0342hpy,train
Happy/Online_Cat0343hpy.mp3,Happy,Happy/online_cat0343hpy,test
Happy/Online_Cat0344hpy.mp3,Happy,Happy/online_cat0344hpy,train
Happy/Online_Cat0345hpy.mp3,Happy,Happy/online_cat0345hpy,train
Happy/Online_Cat0346hpy.mp3,Happy,Happy/online_cat0346hpy,train
Happy/Online_Cat0347hpy.mp3,Happy,Happy/online_cat0347hpy,train
Happy/Online_Cat0348hpy.mp3,Happy,Happy/online_cat0348hpy,train
Happy/Online_Cat0349hpy.mp3,Happy,Happy/online_cat0349hpy,train
Happy/Online_Cat0350hpy.mp3,Happy,Happy/online_cat0350hpy,train
Happy/Online_Cat0351hpy.mp3,Happy,Happy/online_cat0351hpy,train
Happy/Online_Cat0352hpy.mp3,Happy,Happy/online_cat0352hpy,train
Happy/Online_Cat0354hpy.mp3,Happy,Happy/online_cat0354hpy,train
Happy/Online_Cat0359Hpy.mp3,Happy,Happy/online_cat0359hpy,train
Happy/Online_Cat0360hpy.mp3,Happy,Happy/online_cat0360hpy,train
Happy/Online_Cat0364hpy.mp3,Happy,Happy/online_cat0364hpy,train
Happy/Online_Cat0365hpy.mp3,Happy,Happy/online_cat0365hpy,train
Happy/Online_Cat0366hpy.mp3,Happy,Happy/online_cat0366hpy,val
Happy/Online_Cat0370hpy.mp3,Happy,Happy/online_cat0370hpy,train
Happy/Online_Cat0371hpy.mp3,Happy,Happy/online_cat0371hpy,test
Happy/Online_Cat0373hpy.mp3,Happy,Happy/online_cat0373hpy,train
Happy/Online_Cat0374hpy.mp3,Happy,Happy/online_cat0374hpy,train
Happy/Online_Cat0375hpy.mp3,Happy,Happy/online_cat0375hpy,val
Happy/Online_Cat0376hpy.mp3,Happy,Happy/online_cat0376hpy,val
Happy/Online_Cat0377hpy.mp3,Happy,Happy/online_cat0377hpy,train
Happy/Online_Cat0379hpy.mp3,Happy,Happy/online_cat0379hpy,test
Happy/Online_Cat0380hpy.mp3,Happy,Happy/online_cat0380hpy,train
Happy/Online_Cat0386Hpy.mp3,Happy,Happy/online_cat0386hpy,train
Happy/Online_Cat0388Hpy.mp3,Happy,Happy/online_cat0388hpy,train
Happy/Online_Cat0389Hlp.mp3,Happy,Happy/online_cat0389hlp,train
Happy/Online_Cat0391Hpy.mp3,Happy,Happy/online_cat0391hpy,val
Happy/Online_Cat0392Hpy.mp3,Happy,Happy/online_cat0392hpy,train
Happy/Online_Cat0393Hpy.mp3,Happy,Happy/online_cat0393hpy,test
Happy/Online_Cat0394Hpy (2).mp3,Happy,Happy/online_cat0394hpy,train
Happy/Online_Cat0394Hpy.mp3,Happy,Happy/online_cat0394hpy,test
Happy/Online_Cat0395Hpy.mp3,Happy,Happy/online_cat0395hpy,train
Happy/Online_Cat0396Hpy.mp3,Happy,Happy/online_cat0396hpy,train
Happy/Online_Cat0397Hpy.mp3,Happy,Happy/online_cat0397hpy,train
Happy/Online_Cat0398Hpy.mp3,Happy,Happy/online_cat0398hpy,test
Happy/Online_Cat0400hpy.mp3,Happy,Happy/online_cat0400hpy,train
Happy/Online_Cat0401hpy.mp3,Happy,Happy/online_cat0401hpy,train
Happy/Online_Cat0402hpy.mp3,Happy,Happy/online_cat0402hpy,train
Happy/Online_Cat0403hpy.mp3,Happy,Happy/online_cat0403hpy,train
Happy/Online_Cat0404hpy.mp3,Happy,Happy/online_cat0404hpy,train
Happy/Online_Cat0405hpy.mp3,Happy,Happy/online_cat0405hpy,train
Happy/Online_Cat0406hpy.mp3,Happy,Happy/online_cat0406hpy,test
Happy/Online_Cat0407hpy.mp3,Happy,Happy/online_cat0407hpy,train
Happy/Online_Cat0408hpy.mp3,Happy,Happy/online_cat0408hpy,train
Happy/Online_Cat0409hpy.mp3,Happy,Happy/online_cat0409hpy,train
Happy/Online_Cat0410hpy.mp3,Happy,Happy/online_cat0410hpy,test
Happy/Online_Cat0411hpy.mp3,Happy,Happy/online_cat0411hpy,val
Happy/Online_Cat0413hpy.mp3,Happy,Happy/online_cat0413hpy,train
Happy/Online_Cat0414hpy.mp3,Happy,Happy/online_cat0414hpy,train
Happy/Online_Cat0449Hpy.mp3,Happy,Happy/online_cat0449hpy,train
Happy/Online_Cat0458hpy.mp3,Happy,Happy/online_cat0458hpy,train
Happy/Online_Cat0459hpy.mp3,Happy,Happy/online_cat0459hpy,val
Happy/Online_Cat0460hpy.mp3,Happy,Happy/online_cat0460hpy,val
Happy/Online_Cat0461hpy.mp3,Happy,Happy/online_cat0461hpy,train
Happy/Online_Cat0464hpy.mp3,Happy,Happy/online_cat0464hpy,train
Happy/Online_Cat0467Hpy.mp3,Happy,Happy/online_cat0467hpy,train
Happy/Online_Cat0470Hpy.mp3,Happy,Happy/online_cat0470hpy,train
Happy/Online_Cat0472Hpy.mp3,Happy,Happy/online_cat0472hpy,train
Happy/Online_Cat0477Hpy.mp3,Happy,Happy/online_cat0477hpy,train
Happy/Online_Cat0478hpy.mp3,Happy,Happy/online_cat0478hpy,train
Happy/Online_Cat0479hpy.mp3,Happy,Happy/online_cat0479hpy,test
Happy/Online_Cat0481hpy.mp3,Happy,Happy/online_cat0481hpy,train
Happy/Online_Cat0482hpy.mp3,Happy,Happy/online_cat0482hpy,val
Happy/Online_Cat0483hpy.mp3,Happy,Happy/online_cat0483hpy,test
Happy/Online_Cat0494Hpy.mp3,Happy,Happy/online_cat0494hpy,test
Happy/Online_Cat0495Hpy.mp3,Happy,Happy/online_cat0495hpy,train
Happy/Online_Cat0496Hpy.mp3,Happy,Happy/online_cat0496hpy,train
Happy/Online_Cat0497Hpy.mp3,Happy,Happy/online_cat0497hpy,train
Happy/Online_Cat0499Hpy.mp3,Happy,Happy/online_cat0499hpy,train
Happy/Online_Cat0500Hpy.mp3,Happy,Happy/online_cat0500hpy,val
Happy/Online_Cat0502Hpy.mp3,Happy,Happy/online_cat0502hpy,train
Happy/Online_Cat0503Hpy.mp3,Happy,Happy/online_cat0503hpy,train
Happy/Online_Cat0504Hpy.mp3,Happy,Happy/online_cat0504hpy,train
Happy/Online_Cat0505Hpy.mp3,Happy,Happy/online_cat0505hpy,train
Happy/Online_Cat0506Hpy.mp3,Happy,Happy/online_cat0506hpy,train
Happy/Online_Cat0507Hpy.mp3,Happy,Happy/online_cat0507hpy,train
Happy/Online_Cat0509Hpy.mp3,Happy,Happy/online_cat0509hpy,train
Happy/Online_Cat0513Hpy.mp3,Happy,Happy/online_cat0513hpy,test
Happy/Online_Cat0514Hpy.mp3,Happy,Happy/online_cat0514hpy,train
Happy/Online_Cat0516Hpy.mp3,Happy,Happy/online_cat0516hpy,train
Happy/Online_Cat0522Hpy.mp3,Happy,Happy/online_cat0522hpy,train
Happy/Online_Cat0539Hpy.mp3,Happy,Happy/online_cat0539hpy,train
Happy/Online_Cat0540Hpy.mp3,Happy,Happy/online_cat0540hpy,train
Happy/Online_Cat0546Hpy.mp3,Happy,Happy/online_cat0546hpy,train
Happy/agressive.mp3,Happy,Happy/agressive,val
Happy/car_extcoll0261.mp3,Happy,Happy/car_extcoll0261,test
Happy/cat01.mp3,Happy,Happy/cat01,train
Happy/cat010.mp3,Happy,Happy/cat010,test
Happy/cat011.mp3,Happy,Happy/cat011,val
Happy/cat01101.mp3,Happy,Happy/cat01101,train
Happy/cat011010.mp3,Happy,Happy/cat011010,val
Happy/cat011011.mp3,Happy,Happy/cat011011,test
Happy/cat011012.mp3,Happy,Happy/cat011012,train
Happy/cat011013.mp3,Happy,Happy/cat011013,val
Happy/cat011014.mp3,Happy,Happy/cat011014,train
Happy/cat011015.mp3,Happy,Happy/cat011015,train
Happy/cat011016.mp3,Happy,Happy/cat011016,train
Happy/cat011018.mp3,Happy,Happy/cat011018,val
Happy/cat011019.mp3,Happy,Happy/cat011019,train
Happy/cat01102.mp3,Happy,Happy/cat01102,train
Happy/cat011020.mp3,Happy,Happy/cat011020,train
Happy/cat011021.mp3,Happy,Happy/cat011021,test
Happy/cat011022.mp3,Happy,Happy/cat011022,test
Happy/cat011023.mp3,Happy,Happy/cat011023,test
Happy/cat011024.mp3,Happy,Happy/cat011024,train
Happy/cat011025.mp3,Happy,Happy/cat011025,val
Happy/cat011026.mp3,Happy,Happy/cat011026,train
Happy/cat011029.mp3,Happy,Happy/cat011029,train
Happy/cat01103.mp3,Happy,Happy/cat01103,train
Happy/cat011030.mp3,Happy,Happy/cat011030,train
Happy/cat01104.mp3,Happy,Happy/cat01104,train
Happy/cat01105.mp3,Happy,Happy/cat01105,train
Happy/cat01106.mp3,Happy,Happy/cat01106,val
Happy/cat01107.mp3,Happy,Happy/cat01107,train
Happy/cat01108.mp3,Happy,Happy/cat01108,train
Happy/cat01109.mp3,Happy,Happy/cat01109,train
Happy/cat012.mp3,Happy,Happy/cat012,train
Happy/cat02.mp3,Happy,Happy/cat02,train
Happy/cat03.mp3,Happy,Happy/cat03,train
Happy/cat04.mp3,Happy,Happy/cat04,train
Happy/cat04nn.mp3,Happy,Happy/cat04nn,train
Happy/cat05.mp3,Happy,Happy/cat05,train
Happy/cat06.mp3,Happy,Happy/cat06,train
Happy/cat07.mp3,Happy,Happy/cat07,train
Happy/cat08.mp3,Happy,Happy/cat08,val
Happy/cat09.mp3,Happy,Happy/cat09,train
Happy/cat10.mp3,Happy,Happy/cat10,train
Happy/cat12.mp3,Happy,Happy/cat12,train
Happy/cat4546.mp3,Happy,Happy/cat4546,train
Happy/cat_100.mp3,Happy,Happy/cat_100,test
Happy/cat_109.mp3,Happy,Happy/cat_109,val
Happy/cat_110.mp3,Happy,Happy/cat_110,val
Happy/cat_119.mp3,Happy,Happy/cat_119,train
Happy/cat_121.mp3,Happy,Happy/cat_121,train
Happy/cat_124.mp3,Happy,Happy/cat_124,train
Happy/cat_129(1).mp3,Happy,Happy/cat_129,train
Happy/cat_133.mp3,Happy,Happy/cat_133,val
Happy/cat_134.mp3,Happy,Happy/cat_134,train
Happy/cat_135.mp3,Happy,Happy/cat_135,train
Happy/cat_136(1).mp3,Happy,Happy/cat_136,train
Happy/cat_137.mp3,Happy,Happy/cat_137,train
Happy/cat_138.mp3,Happy,Happy/cat_138,train
Happy/cat_139.mp3,Happy,Happy/cat_139,train
Happy/cat_140.mp3,Happy,Happy/cat_140,train
Happy/cat_15.mp3,Happy,Happy/cat_15,train
Happy/cat_155.mp3,Happy,Happy/cat_155,val
Happy/cat_156.mp3,Happy,Happy/cat_156,train
Happy/cat_158.mp3,Happy,Happy/cat_158,train
Happy/cat_18.mp3,Happy,Happy/cat_18,train
Happy/cat_20.mp3,Happy,Happy/cat_20,val
Happy/cat_24.mp3,Happy,Happy/cat_24,train
Happy/cat_4.mp3,Happy,Happy/cat_4,train
Happy/cat_52.mp3,Happy,Happy/cat_52,train
Happy/cat_53.mp3,Happy,Happy/cat_53,train
Happy/cat_54.mp3,Happy,Happy/cat_54,test
Happy/cat_67.mp3,Happy,Happy/cat_67,train
Happy/cat_68.mp3,Happy,Happy/cat_68,train
Happy/cat_75.mp3,Happy,Happy/cat_75,train
Happy/cat_76.mp3,Happy,Happy/cat_76,train
Happy/cat_8.mp3,Happy,Happy/cat_8,train
Happy/cat_85.mp3,Happy,Happy/cat_85,train
Happy/cat_86.mp3,Happy,Happy/cat_86,train
Happy/cat_9.mp3,Happy,Happy/cat_9,train
Happy/cat_91.mp3,Happy,Happy/cat_91,val
Happy/cat_coll0101.mp3,Happy,Happy/cat_coll0101,train
Happy/cat_coll01013.mp3,Happy,Happy/cat_coll01013,train
Happy/cat_coll01017(1).mp3,Happy,Happy/cat_coll01017,train
Happy/cat_coll0103.mp3,Happy,Happy/cat_coll0103,train
Happy/cat_coll0111.mp3,Happy,Happy/cat_coll0111,train
Happy/cat_coll0112.mp3,Happy,Happy/cat_coll0112,train
Happy/cat_coll0113.mp3,Happy,Happy/cat_coll0113,train
Happy/cat_coll0125.mp3,Happy,Happy/cat_coll0125,val
Happy/cat_coll0126.mp3,Happy,Happy/cat_coll0126,train
Happy/cat_coll0127.mp3,Happy,Happy/cat_coll0127,train
Happy/cat_coll0128.mp3,Happy,Happy/cat_coll0128,test
Happy/cat_coll0130.mp3,Happy,Happy/cat_coll0130,train
Happy/cat_coll0131.mp3,Happy,Happy/cat_coll0131,val
Happy/cat_coll0132.mp3,Happy,Happy/cat_coll0132,val
Happy/cat_coll0133.mp3,Happy,Happy/cat_coll0133,train
Happy/cat_coll0158.mp3,Happy,Happy/cat_coll0158,val
Happy/cat_coll0163.mp3,Happy,Happy/cat_coll0163,val
Happy/cat_flickr0110.mp3,Happy,Happy/cat_flickr0110,val
Happy/cat_flickr0111.mp3,Happy,Happy/cat_flickr0111,train
Happy/cat_flickr0112.mp3,Happy,Happy/cat_flickr0112,train
Happy/cat_flickr01324.mp3,Happy,Happy/cat_flickr01324,val
Happy/cat_flickr01336.mp3,Happy,Happy/cat_flickr01336,train
Happy/cat_flickr01337.mp3,Happy,Happy/cat_flickr01337,train
Happy/cat_flickr0134.mp3,Happy,Happy/cat_flickr0134,test
Happy/cat_flickr01369.mp3,Happy,Happy/cat_flickr01369,train
Happy/cat_flickr01370.mp3,Happy,Happy/cat_flickr01370,train
Happy/cat_flickr01467.mp3,Happy,Happy/cat_flickr01467,train
Happy/cat_flickr0165.mp3,Happy,Happy/cat_flickr0165,train
Happy/cat_flickr0182.mp3,Happy,Happy/cat_flickr0182,train
Happy/cat_flickr0187.mp3,Happy,Happy/cat_flickr0187,train
Happy/cat_flickr0188 (2).mp3,Happy,Happy/cat_flickr0188,test
Happy/cat_flickr0188.mp3,Happy,Happy/cat_flickr0188,train
Happy/cat_youtube01102(1).mp3,Happy,Happy/cat_youtube01102,train
Happy/cat_youtube01103(1).mp3,Happy,Happy/cat_youtube01103,train
Happy/cat_youtube01104(1).mp3,Happy,Happy/cat_youtube01104,test
Happy/cat_youtube01105.mp3,Happy,Happy/cat_youtube01105,test
Happy/cat_youtube01106.mp3,Happy,Happy/cat_youtube01106,train
Happy/cat_youtube01112.mp3,Happy,Happy/cat_youtube01112,train
Happy/cat_youtube01113.mp3,Happy,Happy/cat_youtube01113,val
Happy/cat_youtube01114(1).mp3,Happy,Happy/cat_youtube01114,test
Happy/cat_youtube01115.mp3,Happy,Happy/cat_youtube01115,val
Happy/cat_youtube01123.mp3,Happy,Happy/cat_youtube01123,test
Happy/cat_youtube01124.mp3,Happy,Happy/cat_youtube01124,train
Happy/cat_youtube01125.mp3,Happy,Happy/cat_youtube01125,train
Happy/cat_youtube01126.mp3,Happy,Happy/cat_youtube01126,train
Happy/cat_youtube01127.mp3,Happy,Happy/cat_youtube01127,train
Happy/cat_youtube01128.mp3,Happy,Happy/cat_youtube01128,train
Happy/cat_youtube01129.mp3,Happy,Happy/cat_youtube01129,train
Happy/cat_youtube01130.mp3,Happy,Happy/cat_youtube01130,train
Happy/cat_youtube01131.mp3,Happy,Happy/cat_youtube01131,train
Happy/cat_youtube01132.mp3,Happy,Happy/cat_youtube01132,train
Happy/cat_youtube01133.mp3,Happy,Happy/cat_youtube01133,test
Happy/cat_youtube01134.mp3,Happy,Happy/cat_youtube01134,test
Happy/cat_youtube01135.mp3,Happy,Happy/cat_youtube01135,train
Happy/cat_youtube01136.mp3,Happy,Happy/cat_youtube01136,train
Happy/cat_youtube01137.mp3,Happy,Happy/cat_youtube01137,train
Happy/cat_youtube01194.mp3,Happy,Happy/cat_youtube01194,val
Happy/cat_youtube01195.mp3,Happy,Happy/cat_youtube01195,train
Happy/cat_youtube01196.mp3,Happy,Happy/cat_youtube01196,test
Happy/cat_youtube01197.mp3,Happy,Happy/cat_youtube01197,train
Happy/cat_youtube01251.mp3,Happy,Happy/cat_youtube01251,train
Happy/cat_youtube01255.mp3,Happy,Happy/cat_youtube01255,test
Happy/cat_youtube01256.mp3,Happy,Happy/cat_youtube01256,train
Happy/catmeow0116.mp3,Happy,Happy/catmeow0116,train
Happy/catmeow012.mp3,Happy,Happy/catmeow012,test
Happy/catmeow013.mp3,Happy,Happy/catmeow013,train
Happy/catmeow014.mp3,Happy,Happy/catmeow014,train
Happy/catmeow015.mp3,Happy,Happy/catmeow015,train
Happy/catmeow016.mp3,Happy,Happy/catmeow016,train
Happy/catmeow017.mp3,Happy,Happy/catmeow017,train
Happy/catmeow018.mp3,Happy,Happy/catmeow018,train
Happy/catmeow019.mp3,Happy,Happy/catmeow019,train
Happy/catmeow120.mp3,Happy,Happy/catmeow120,test
Happy/catmeow121.mp3,Happy,Happy/catmeow121,train
Happy/catmeow122.mp3,Happy,Happy/catmeow122,test
Happy/catmeow123.mp3,Happy,Happy/catmeow123,train
Happy/catmeow124.mp3,Happy,Happy/catmeow124,train
Happy/catmeow125.mp3,Happy,Happy/catmeow125,train
Happy/catmeow126.mp3,Happy,Happy/catmeow126,train
Happy/catmeow127.mp3,Happy,Happy/catmeow127,val
Happy/catmeow128.mp3,Happy,Happy/catmeow128,train
Happy/hpy.mp3,Happy,Happy/hpy,val
Happy/hpy9.mp3,Happy,Happy/hpy9,train
HuntingMind/Cat_YoutubeLLT42391.mp3,HuntingMind,HuntingMind/cat_youtubellt42391,train
HuntingMind/Cat_YoutubeLLT42392.mp3,HuntingMind,HuntingMind/cat_youtubellt42392,test
HuntingMind/Cat_YoutubeLLT42394.mp3,HuntingMind,HuntingMind/cat_youtubellt42394,train
HuntingMind/Cat_YoutubeLLT42395.mp3,HuntingMind,HuntingMind/cat_youtubellt42395,train
HuntingMind/Cat_YoutubeLLT42396.mp3,HuntingMind,HuntingMind/cat_youtubellt42396,test
HuntingMind/Cat_YoutubeLLT42398.mp3,HuntingMind,HuntingMind/cat_youtubellt42398,train
HuntingMind/Cat_YoutubeLLT42399.mp3,HuntingMind,HuntingMind/cat_youtubellt42399,test
HuntingMind/Cat_YoutubeLLT42400.mp3,HuntingMind,HuntingMind/cat_youtubellt42400,val
HuntingMind/Cat_YoutubeLLT42401.mp3,HuntingMind,HuntingMind/cat_youtubellt42401,train
HuntingMind/Cat_YoutubeLLT42402 (2).mp3,HuntingMind,HuntingMind/cat_youtubellt42402,train
HuntingMind/Cat_YoutubeLLT42402 (3).mp3,HuntingMind,HuntingMind/cat_youtubellt42402,test
HuntingMind/Cat_YoutubeLLT42402.mp3,HuntingMind,HuntingMind/cat_youtubellt42402,train
HuntingMind/Cat_YoutubeLLT42403.mp3,HuntingMind,HuntingMind/cat_youtubellt42403,train
HuntingMind/Cat_YoutubeLLT42404.mp3,HuntingMind,HuntingMind/cat_youtubellt42404,train
HuntingMind/Cat_YoutubeLLT42405.mp3,HuntingMind,HuntingMind/cat_youtubellt42405,train
HuntingMind/Cat_YoutubeLLT42406.mp3,HuntingMind,HuntingMind/cat_youtubellt42406,train
HuntingMind/Cat_YoutubeLLT42407.mp3,HuntingMind,HuntingMind/cat_youtubellt42407,train
HuntingMind/Cat_YoutubeLLT42409.mp3,HuntingMind,HuntingMind/cat_youtubellt42409,test
HuntingMind/Cat_YoutubeLLT42410.mp3,HuntingMind,HuntingMind/cat_youtubellt42410,val
HuntingMind/Cat_YoutubeLLT42411.mp3,HuntingMind,HuntingMind/cat_youtubellt42411,test
HuntingMind/Cat_YoutubeLLT42412.mp3,HuntingMind,HuntingMind/cat_youtubellt42412,train
HuntingMind/Cat_YoutubeLLT42413.mp3,HuntingMind,HuntingMind/cat_youtubellt42413,train
HuntingMind/Cat_YoutubeLLT42414 (2).mp3,HuntingMind,HuntingMind/cat_youtubellt42414,train
HuntingMind/Cat_YoutubeLLT42414.mp3,HuntingMind,HuntingMind/cat_youtubellt42414,train
HuntingMind/Cat_YoutubeLLT42415.mp3,HuntingMind,HuntingMind/cat_youtubellt42415,train
HuntingMind/Cat_YoutubeLLT42416.mp3,HuntingMind,HuntingMind/cat_youtubellt42416,train
HuntingMind/Cat_YoutubeLLT42417.mp3,HuntingMind,HuntingMind/cat_youtubellt42417,train
HuntingMind/Cat_YoutubeLLT42418.mp3,HuntingMind,HuntingMind/cat_youtubellt42418,train
HuntingMind/Cat_YoutubeLLT42419.mp3,HuntingMind,HuntingMind/cat_youtubellt42419,val
HuntingMind/Cat_YoutubeLLT42420.mp3,HuntingMind,HuntingMind/cat_youtubellt42420,train
HuntingMind/Cat_YoutubeLLT42421.mp3,HuntingMind,HuntingMind/cat_youtubellt42421,train
HuntingMind/Cat_YoutubeLLT42422.mp3,HuntingMind,HuntingMind/cat_youtubellt42422,test
HuntingMind/Cat_YoutubeLLT42423.mp3,HuntingMind,HuntingMind/cat_youtubellt42423,train
HuntingMind/Cat_YoutubeLLT42424.mp3,HuntingMind,HuntingMind/cat_youtubellt42424,train
HuntingMind/Cat_YoutubeLLT42425.mp3,HuntingMind,HuntingMind/cat_youtubellt42425,val
HuntingMind/Cat_YoutubeLLT42426.mp3,HuntingMind,HuntingMind/cat_youtubellt42426,val
HuntingMind/Cat_YoutubeLLT42429.mp3,HuntingMind,HuntingMind/cat_youtubellt42429,test
HuntingMind/Cat_YoutubeLLT42430.mp3,HuntingMind,HuntingMind/cat_youtubellt42430,train
HuntingMind/Cat_YoutubeLLT42431.mp3,HuntingMind,HuntingMind/cat_youtubellt42431,train
HuntingMind/Cat_YoutubeLLT42432.mp3,HuntingMind,HuntingMind/cat_youtubellt42432,train
HuntingMind/Cat_YoutubeLLT42433.mp3,HuntingMind,HuntingMind/cat_youtubellt42433,train
HuntingMind/Cat_YoutubeLLT42434.mp3,HuntingMind,HuntingMind/cat_youtubellt42434,train
HuntingMind/Cat_YoutubeLLT42435.mp3,HuntingMind,HuntingMind/cat_youtubellt42435,train
HuntingMind/Cat_YoutubeLLT42436.mp3,HuntingMind,HuntingMind/cat_youtubellt42436,train
HuntingMind/Cat_YoutubeLLT42437.mp3,HuntingMind,HuntingMind/cat_youtubellt42437,train
HuntingMind/Cat_YoutubeLLT42438.mp3,HuntingMind,HuntingMind/cat_youtubellt42438,val
HuntingMind/Cat_YoutubeLLT42439.mp3,HuntingMind,HuntingMind/cat_youtubellt42439,test
HuntingMind/Cat_YoutubeLLT42440.mp3,HuntingMind,HuntingMind/cat_youtubellt42440,train
HuntingMind/Cat_YoutubeLLT42441.mp3,HuntingMind,HuntingMind/cat_youtubellt42441,train
HuntingMind/Cat_YoutubeLLT42442.mp3,HuntingMind,HuntingMind/cat_youtubellt42442,train
HuntingMind/Cat_YoutubeLLT42443.mp3,HuntingMind,HuntingMind/cat_youtubellt42443,test
HuntingMind/Cat_YoutubeLLT42444.mp3,HuntingMind,HuntingMind/cat_youtubellt42444,train
HuntingMind/Cat_YoutubeLLT42445.mp3,HuntingMind,HuntingMind/cat_youtubellt42445,val
HuntingMind/Cat_YoutubeLLT42446.mp3,HuntingMind,HuntingMind/cat_youtubellt42446,test
HuntingMind/Cat_YoutubeLLT42447.mp3,HuntingMind,HuntingMind/cat_youtubellt42447,val
HuntingMind/Cat_YoutubeLLT42448.mp3,HuntingMind,HuntingMind/cat_youtubellt42448,train
HuntingMind/Cat_YoutubeLLT42449.mp3,HuntingMind,HuntingMind/cat_youtubellt42449,train
HuntingMind/Cat_trilling0111.mp3,HuntingMind,HuntingMind/cat_trilling0111,train
HuntingMind/Cat_trilling0112.mp3,HuntingMind,HuntingMind/cat_trilling0112,train
HuntingMind/Cat_trilling0113.mp3,HuntingMind,HuntingMind/cat_trilling0113,train
HuntingMind/Edit9084Tril.mp3,HuntingMind,HuntingMind/edit9084tril,train
HuntingMind/Edit9094Chat.mp3,HuntingMind,HuntingMind/edit9094chat,train
HuntingMind/LastEntry_cat1022Chat.mp3,HuntingMind,HuntingMind/lastentry_cat1022chat,train
HuntingMind/LastEntry_cat1023Chat.mp3,HuntingMind,HuntingMind/lastentry_cat1023chat,train
HuntingMind/LastEntry_cat1024Chat.mp3,HuntingMind,HuntingMind/lastentry_cat1024chat,train
HuntingMind/LastEntry_cat1025Chat.mp3,HuntingMind,HuntingMind/lastentry_cat1025chat,train
HuntingMind/LastEntry_cat1026Chat.mp3,HuntingMind,HuntingMind/lastentry_cat1026chat,test
HuntingMind/Last_addCat129595Chat.mp3,HuntingMind,HuntingMind/last_addcat129595chat,train
HuntingMind/Last_addCat129596Chat.mp3,HuntingMind,HuntingMind/last_addcat129596chat,train
HuntingMind/Last_addCat129597Chat.mp3,HuntingMind,HuntingMind/last_addcat129597chat,train
HuntingMind/Last_addCat165Chat.mp3,HuntingMind,HuntingMind/last_addcat165chat,train
HuntingMind/Last_addCat166Chat.mp3,HuntingMind,HuntingMind/last_addcat166chat,train
HuntingMind/Last_addCat167Chat.mp3,HuntingMind,HuntingMind/last_addcat167chat,train
HuntingMind/Last_addCat168Chat.mp3,HuntingMind,HuntingMind/last_addcat168chat,test
HuntingMind/Last_addCat169Chat.mp3,HuntingMind,HuntingMind/last_addcat169chat,train
HuntingMind/Last_addCat170Chat.mp3,HuntingMind,HuntingMind/last_addcat170chat,train
HuntingMind/Last_addCat171Chat.mp3,HuntingMind,HuntingMind/last_addcat171chat,train
HuntingMind/Last_addCat172Chat.mp3,HuntingMind,HuntingMind/last_addcat172chat,test
HuntingMind/Last_addCat186Chat.mp3,HuntingMind,HuntingMind/last_addcat186chat,train
HuntingMind/Last_addCat187Chat.mp3,HuntingMind,HuntingMind/last_addcat187chat,train
HuntingMind/Last_addCat188Chat (2).mp3,HuntingMind,HuntingMind/last_addcat188chat,train
HuntingMind/Last_addCat188Chat.mp3,HuntingMind,HuntingMind/last_addcat188chat,val
HuntingMind/Last_addCat189Chat.mp3,HuntingMind,HuntingMind/last_addcat189chat,train
HuntingMind/Last_addCat190Chat.mp3,HuntingMind,HuntingMind/last_addcat190chat,train
HuntingMind/Last_addCat191Chat.mp3,HuntingMind,HuntingMind/last_addcat191chat,val
HuntingMind/Last_addCat192Chat.mp3,HuntingMind,HuntingMind/last_addcat192chat,train
HuntingMind/Last_addCat193Chat (2).mp3,HuntingMind,HuntingMind/last_addcat193chat,val
HuntingMind/Last_addCat193Chat (3).mp3,HuntingMind,HuntingMind/last_addcat193chat,test
HuntingMind/Last_addCat193Chat.mp3,HuntingMind,HuntingMind/last_addcat193chat,train
HuntingMind/Last_addCat194Chat.mp3,HuntingMind,HuntingMind/last_addcat194chat,train
HuntingMind/Last_addCat195Chat.mp3,HuntingMind,HuntingMind/last_addcat195chat,train
HuntingMind/Last_addCat196Chat.mp3,HuntingMind,HuntingMind/last_addcat196chat,val
HuntingMind/Last_addCat197Chat.mp3,HuntingMind,HuntingMind/last_addcat197chat,train
HuntingMind/Last_addCat198Chat.mp3,HuntingMind,HuntingMind/last_addcat198chat,train
HuntingMind/Last_addCat199Chat.mp3,HuntingMind,HuntingMind/last_addcat199chat,train
HuntingMind/Last_addCat200Chat.mp3,HuntingMind,HuntingMind/last_addcat200chat,val
HuntingMind/Last_addCat203Chat.mp3,HuntingMind,HuntingMind/last_addcat203chat,val
HuntingMind/Last_addCat204Chat.mp3,HuntingMind,HuntingMind/last_addcat204chat,train
HuntingMind/Last_addCat205Chat.mp3,HuntingMind,HuntingMind/last_addcat205chat,train
HuntingMind/Last_addCat206Chat.mp3,HuntingMind,HuntingMind/last_addcat206chat,train
HuntingMind/Last_addCat207Chat.mp3,HuntingMind,HuntingMind/last_addcat207chat,train
HuntingMind/Last_addCat208Chat.mp3,HuntingMind,HuntingMind/last_addcat208chat,train
HuntingMind/Last_addCat209Chat.mp3,HuntingMind,HuntingMind/last_addcat209chat,train
HuntingMind/Last_addCat210Chat.mp3,HuntingMind,HuntingMind/last_addcat210chat,train
HuntingMind/Last_addCat211Chat.mp3,HuntingMind,HuntingMind/last_addcat211chat,train
HuntingMind/Last_addCat212Chat.mp3,HuntingMind,HuntingMind/last_addcat212chat,train
HuntingMind/Last_addCat213Chat.mp3,HuntingMind,HuntingMind/last_addcat213chat,train
HuntingMind/Last_addCat226Chat.mp3,HuntingMind,HuntingMind/last_addcat226chat,train
HuntingMind/Last_addCat227Chat.mp3,HuntingMind,HuntingMind/last_addcat227chat,train
HuntingMind/Last_addCat228Chat.mp3,HuntingMind,HuntingMind/last_addcat228chat,train
HuntingMind/Last_addCat229Chat.mp3,HuntingMind,HuntingMind/last_addcat229chat,train
HuntingMind/Last_addCat230Chat.mp3,HuntingMind,HuntingMind/last_addcat230chat,test
HuntingMind/Last_addCat231Chat.mp3,HuntingMind,HuntingMind/last_addcat231chat,val
HuntingMind/Last_addCat232Chat (2).mp3,HuntingMind,HuntingMind/last_addcat232chat,test
HuntingMind/Last_addCat232Chat.mp3,HuntingMind,HuntingMind/last_addcat232chat,train
HuntingMind/Last_addCat233Chat.mp3,HuntingMind,HuntingMind/last_addcat233chat,train
HuntingMind/Last_addCat234Chat.mp3,HuntingMind,HuntingMind/last_addcat234chat,train
HuntingMind/Last_addCat235Chat.mp3,HuntingMind,HuntingMind/last_addcat235chat,train
HuntingMind/Last_addCat236Chat.mp3,HuntingMind,HuntingMind/last_addcat236chat,val
HuntingMind/Last_addCat237Chat.mp3,HuntingMind,HuntingMind/last_addcat237chat,test
HuntingMind/Last_addCat238Chat.mp3,HuntingMind,HuntingMind/last_addcat238chat,train
HuntingMind/Last_addCat239Chat.mp3,HuntingMind,HuntingMind/last_addcat239chat,train
HuntingMind/Last_addCat240Chat (2).mp3,HuntingMind,HuntingMind/last_addcat240chat,train
HuntingMind/Last_addCat240Chat.mp3,HuntingMind,HuntingMind/last_addcat240chat,train
HuntingMind/Last_addCat241Chat.mp3,HuntingMind,HuntingMind/last_addcat241chat,val
HuntingMind/Last_addCat242Chat.mp3,HuntingMind,HuntingMind/last_addcat242chat,train
HuntingMind/Last_addCat243Chat.mp3,HuntingMind,HuntingMind/last_addcat243chat,train
HuntingMind/Last_addCat244Chat (2).mp3,HuntingMind,HuntingMind/last_addcat244chat,train
HuntingMind/Last_addCat244Chat.mp3,HuntingMind,HuntingMind/last_addcat244chat,val
HuntingMind/Last_addCat245Chat.mp3,HuntingMind,HuntingMind/last_addcat245chat,val
HuntingMind/Online_Cat0419Chat.mp3,HuntingMind,HuntingMind/online_cat0419chat,test
HuntingMind/Online_Cat0420Chat.mp3,HuntingMind,HuntingMind/online_cat0420chat,test
HuntingMind/Online_Cat0421Chat.mp3,HuntingMind,HuntingMind/online_cat0421chat,train
HuntingMind/car_extcoll0326.mp3,HuntingMind,HuntingMind/car_extcoll0326,train
HuntingMind/car_extcoll0327.mp3,HuntingMind,HuntingMind/car_extcoll0327,train
HuntingMind/car_extcoll0328.mp3,HuntingMind,HuntingMind/car_extcoll0328,train
HuntingMind/car_extcoll0329.mp3,HuntingMind,HuntingMind/car_extcoll0329,test
HuntingMind/car_extcoll0330.mp3,HuntingMind,HuntingMind/car_extcoll0330,train
HuntingMind/car_extcoll0331.mp3,HuntingMind,HuntingMind/car_extcoll0331,train
HuntingMind/car_extcoll0332.mp3,HuntingMind,HuntingMind/car_extcoll0332,val
HuntingMind/cat01.mp3,HuntingMind,HuntingMind/cat01,test
HuntingMind/cat010.mp3,HuntingMind,HuntingMind/cat010,val
HuntingMind/cat02.mp3,HuntingMind,HuntingMind/cat02,train
HuntingMind/cat0202.mp3,HuntingMind,HuntingMind/cat0202,test
HuntingMind/cat03583.mp3,HuntingMind,HuntingMind/cat03583,train
HuntingMind/cat04.mp3,HuntingMind,HuntingMind/cat04,train
HuntingMind/cat05.mp3,HuntingMind,HuntingMind/cat05,val
HuntingMind/cat_youtube01116.mp3,HuntingMind,HuntingMind/cat_youtube01116,val
HuntingMind/cat_youtube01117.mp3,HuntingMind,HuntingMind/cat_youtube01117,train
HuntingMind/cat_youtube01118.mp3,HuntingMind,HuntingMind/cat_youtube01118,train
HuntingMind/cat_youtube01119.mp3,HuntingMind,HuntingMind/cat_youtube01119,val
HuntingMind/cat_youtube01120.mp3,HuntingMind,HuntingMind/cat_youtube01120,train
HuntingMind/cat_youtube01121 (2).mp3,HuntingMind,HuntingMind/cat_youtube01121,train
HuntingMind/cat_youtube01121.mp3,HuntingMind,HuntingMind/cat_youtube01121,train
HuntingMind/cat_youtube01122.mp3,HuntingMind,HuntingMind/cat_youtube01122,train
HuntingMind/cat_youtube01123 (2).mp3,HuntingMind,HuntingMind/cat_youtube01123,train
HuntingMind/cat_youtube01123.mp3,HuntingMind,HuntingMind/cat_youtube01123,train
HuntingMind/cat_youtube01138.mp3,HuntingMind,HuntingMind/cat_youtube01138,test
HuntingMind/cat_youtube01139.mp3,HuntingMind,HuntingMind/cat_youtube01139,train
HuntingMind/cat_youtube01140.mp3,HuntingMind,HuntingMind/cat_youtube01140,train
HuntingMind/cat_youtube01141.mp3,HuntingMind,HuntingMind/cat_youtube01141,test
HuntingMind/cat_youtube01142.mp3,HuntingMind,HuntingMind/cat_youtube01142,test
HuntingMind/cat_youtube01143.mp3,HuntingMind,HuntingMind/cat_youtube01143,train
HuntingMind/cat_youtube01144.mp3,HuntingMind,HuntingMind/cat_youtube01144,train
HuntingMind/cat_youtube01145.mp3,HuntingMind,HuntingMind/cat_youtube01145,test
HuntingMind/cat_youtube01146.mp3,HuntingMind,HuntingMind/cat_youtube01146,test
HuntingMind/cat_youtube01147.mp3,HuntingMind,HuntingMind/cat_youtube01147,train
HuntingMind/cat_youtube01148.mp3,HuntingMind,HuntingMind/cat_youtube01148,train
HuntingMind/cat_youtube01149.mp3,HuntingMind,HuntingMind/cat_youtube01149,train
HuntingMind/cat_youtube01150.mp3,HuntingMind,HuntingMind/cat_youtube01150,train
HuntingMind/cat_youtube01154.mp3,HuntingMind,HuntingMind/cat_youtube01154,train
HuntingMind/cat_youtube01155.mp3,HuntingMind,HuntingMind/cat_youtube01155,train
HuntingMind/cat_youtube01156.mp3,HuntingMind,HuntingMind/cat_youtube01156,train
HuntingMind/cat_youtube01157.mp3,HuntingMind,HuntingMind/cat_youtube01157,train
HuntingMind/cat_youtube01158.mp3,HuntingMind,HuntingMind/cat_youtube01158,val
HuntingMind/cat_youtube01159.mp3,HuntingMind,HuntingMind/cat_youtube01159,val
HuntingMind/cat_youtube01160.mp3,HuntingMind,HuntingMind/cat_youtube01160,train
HuntingMind/cat_youtube01161.mp3,HuntingMind,HuntingMind/cat_youtube01161,val
HuntingMind/cat_youtube01162.mp3,HuntingMind,HuntingMind/cat_youtube01162,train
HuntingMind/cat_youtube01163.mp3,HuntingMind,HuntingMind/cat_youtube01163,train
HuntingMind/cat_youtube01164.mp3,HuntingMind,HuntingMind/cat_youtube01164,train
HuntingMind/cat_youtube01165.mp3,HuntingMind,HuntingMind/cat_youtube01165,val
HuntingMind/cat_youtube01166.mp3,HuntingMind,HuntingMind/cat_youtube01166,train
HuntingMind/cat_youtube01168.mp3,HuntingMind,HuntingMind/cat_youtube01168,train
HuntingMind/cat_youtube01169.mp3,HuntingMind,HuntingMind/cat_youtube01169,train
HuntingMind/cat_youtube01170.mp3,HuntingMind,HuntingMind/cat_youtube01170,train
HuntingMind/cat_youtube01171.mp3,HuntingMind,HuntingMind/cat_youtube01171,train
HuntingMind/cat_youtube01172.mp3,HuntingMind,HuntingMind/cat_youtube01172,test
HuntingMind/cat_youtube01173.mp3,HuntingMind,HuntingMind/cat_youtube01173,train
HuntingMind/cat_youtube01174.mp3,HuntingMind,HuntingMind/cat_youtube01174,train
HuntingMind/cat_youtube01175.mp3,HuntingMind,HuntingMind/cat_youtube01175,train
HuntingMind/cat_youtube01176.mp3,HuntingMind,HuntingMind/cat_youtube01176,train
HuntingMind/cat_youtube01177.mp3,HuntingMind,HuntingMind/cat_youtube01177,train
HuntingMind/cat_youtube01178.mp3,HuntingMind,HuntingMind/cat_youtube01178,test
HuntingMind/cat_youtube01179.mp3,HuntingMind,HuntingMind/cat_youtube01179,val
HuntingMind/cat_youtube01189.mp3,HuntingMind,HuntingMind/cat_youtube01189,test
HuntingMind/cat_youtube01190.mp3,HuntingMind,HuntingMind/cat_youtube01190,val
HuntingMind/cat_youtube01191.mp3,HuntingMind,HuntingMind/cat_youtube01191,train
HuntingMind/cat_youtube01192.mp3,HuntingMind,HuntingMind/cat_youtube01192,train
HuntingMind/cat_youtube01193.mp3,HuntingMind,HuntingMind/cat_youtube01193,train
HuntingMind/cat_youtube01235.mp3,HuntingMind,HuntingMind/cat_youtube01235,train
HuntingMind/cat_youtube01236.mp3,HuntingMind,HuntingMind/cat_youtube01236,train
HuntingMind/cat_youtube01237.mp3,HuntingMind,HuntingMind/cat_youtube01237,train
HuntingMind/cat_youtube01238.mp3,HuntingMind,HuntingMind/cat_youtube01238,train
HuntingMind/cat_youtube01239.mp3,HuntingMind,HuntingMind/cat_youtube01239,train
HuntingMind/cat_youtube01267 (2).mp3,HuntingMind,HuntingMind/cat_youtube01267,train
HuntingMind/cat_youtube01270.mp3,HuntingMind,HuntingMind/cat_youtube01270,train
HuntingMind/cat_youtube01272.mp3,HuntingMind,HuntingMind/cat_youtube01272,train
HuntingMind/cat_youtube01273.mp3,HuntingMind,HuntingMind/cat_youtube01273,train
HuntingMind/cat_youtube01274.mp3,HuntingMind,HuntingMind/cat_youtube01274,val
HuntingMind/cat_youtube01275.mp3,HuntingMind,HuntingMind/cat_youtube01275,val
HuntingMind/cat_youtube01276.mp3,HuntingMind,HuntingMind/cat_youtube01276,train
HuntingMind/cat_youtube01277.mp3,HuntingMind,HuntingMind/cat_youtube01277,val
HuntingMind/cat_youtube01278.mp3,HuntingMind,HuntingMind/cat_youtube01278,train
HuntingMind/cat_youtube01279.mp3,HuntingMind,HuntingMind/cat_youtube01279,test
HuntingMind/cat_youtube01280.mp3,HuntingMind,HuntingMind/cat_youtube01280,train
HuntingMind/cat_youtube64376 (2).mp3,HuntingMind,HuntingMind/cat_youtube64376,train
HuntingMind/catchatter010.mp3,HuntingMind,HuntingMind/catchatter010,train
HuntingMind/catchatter011.mp3,HuntingMind,HuntingMind/catchatter011,train
HuntingMind/catchatter012.mp3,HuntingMind,HuntingMind/catchatter012,train
HuntingMind/catchatter013.mp3,HuntingMind,HuntingMind/catchatter013,train
HuntingMind/catchatter014.mp3,HuntingMind,HuntingMind/catchatter014,test
HuntingMind/catchatter015.mp3,HuntingMind,HuntingMind/catchatter015,test
HuntingMind/catchatter016.mp3,HuntingMind,HuntingMind/catchatter016,train
HuntingMind/catchatter017.mp3,HuntingMind,HuntingMind/catchatter017,train
HuntingMind/catchatter018.mp3,HuntingMind,HuntingMind/catchatter018,test
HuntingMind/catchatter019.mp3,HuntingMind,HuntingMind/catchatter019,train
HuntingMind/catchatter020.mp3,HuntingMind,HuntingMind/catchatter020,train
HuntingMind/catchatter021.mp3,HuntingMind,HuntingMind/catchatter021,val
HuntingMind/catchatter022.mp3,HuntingMind,HuntingMind/catchatter022,train
HuntingMind/catchatter023.mp3,HuntingMind,HuntingMind/catchatter023,train
HuntingMind/catchatter024.mp3,HuntingMind,HuntingMind/catchatter024,test
HuntingMind/catchatter025.mp3,HuntingMind,HuntingMind/catchatter025,train
HuntingMind/catchatter126.mp3,HuntingMind,HuntingMind/catchatter126,train
HuntingMind/catchatter127.mp3,HuntingMind,HuntingMind/catchatter127,test
HuntingMind/catchatter128.mp3,HuntingMind,HuntingMind/catchatter128,train
HuntingMind/catchatter129.mp3,HuntingMind,HuntingMind/catchatter129,train
HuntingMind/catchatter130.mp3,HuntingMind,HuntingMind/catchatter130,train
HuntingMind/catchatter131.mp3,HuntingMind,HuntingMind/catchatter131,test
HuntingMind/catchatter132.mp3,HuntingMind,HuntingMind/catchatter132,train
HuntingMind/catchatter233.mp3,HuntingMind,HuntingMind/catchatter233,train
HuntingMind/catchatter234.mp3,HuntingMind,HuntingMind/catchatter234,train
HuntingMind/catchatter235.mp3,HuntingMind,HuntingMind/catchatter235,train
HuntingMind/catchatter236.mp3,HuntingMind,HuntingMind/catchatter236,train
HuntingMind/catchatter237.mp3,HuntingMind,HuntingMind/catchatter237,train
HuntingMind/catchatter238.mp3,HuntingMind,HuntingMind/catchatter238,train
HuntingMind/catchatter239.mp3,HuntingMind,HuntingMind/catchatter239,val
HuntingMind/catchatter240.mp3,HuntingMind,HuntingMind/catchatter240,train
HuntingMind/catchatter241.mp3,HuntingMind,HuntingMind/catchatter241,val
HuntingMind/catchatter342.mp3,HuntingMind,HuntingMind/catchatter342,train
HuntingMind/catchatter343.mp3,HuntingMind,HuntingMind/catchatter343,train
HuntingMind/catchatter344.mp3,HuntingMind,HuntingMind/catchatter344,train
HuntingMind/catchatter345.mp3,HuntingMind,HuntingMind/catchatter345,train
HuntingMind/catchatter346.mp3,HuntingMind,HuntingMind/catchatter346,train
HuntingMind/catchatter347.mp3,HuntingMind,HuntingMind/catchatter347,test
HuntingMind/catchatter448.mp3,HuntingMind,HuntingMind/catchatter448,train
HuntingMind/catchatter551.mp3,HuntingMind,HuntingMind/catchatter551,val
HuntingMind/catchatter552.mp3,HuntingMind,HuntingMind/catchatter552,train
HuntingMind/catchatter553.mp3,HuntingMind,HuntingMind/catchatter553,val
HuntingMind/catchatter554.mp3,HuntingMind,HuntingMind/catchatter554,train
HuntingMind/catchatter555.mp3,HuntingMind,HuntingMind/catchatter555,train
HuntingMind/catchatter656.mp3,HuntingMind,HuntingMind/catchatter656,train
HuntingMind/catchatter657.mp3,HuntingMind,HuntingMind/catchatter657,train
HuntingMind/catchatter658.mp3,HuntingMind,HuntingMind/catchatter658,test
HuntingMind/catchatter659.mp3,HuntingMind,HuntingMind/catchatter659,train
HuntingMind/catchatter660.mp3,HuntingMind,HuntingMind/catchatter660,val
HuntingMind/catchatter661.mp3,HuntingMind,HuntingMind/catchatter661,train
HuntingMind/catchatter762.mp3,HuntingMind,HuntingMind/catchatter762,val
HuntingMind/catchatter763.mp3,HuntingMind,HuntingMind/catchatter763,val
HuntingMind/catchatter764.mp3,HuntingMind,HuntingMind/catchatter764,train
HuntingMind/catchatter765.mp3,HuntingMind,HuntingMind/catchatter765,val
HuntingMind/catchatter766.mp3,HuntingMind,HuntingMind/catchatter766,test
HuntingMind/catchatter767.mp3,HuntingMind,HuntingMind/catchatter767,train
HuntingMind/trill02982.mp3,HuntingMind,HuntingMind/trill02982,val
HuntingMind/trill02983.mp3,HuntingMind,HuntingMind/trill02983,train
HuntingMind/trill02984.mp3,HuntingMind,HuntingMind/trill02984,train
HuntingMind/trill02985 (2).mp3,HuntingMind,HuntingMind/trill02985,train
HuntingMind/trill02985.mp3,HuntingMind,HuntingMind/trill02985,train
HuntingMind/trill02986.mp3,HuntingMind,HuntingMind/trill02986,train
HuntingMind/trill02987.mp3,HuntingMind,HuntingMind/trill02987,val
HuntingMind/trill02988.mp3,HuntingMind,HuntingMind/trill02988,train
HuntingMind/trill02989 (2).mp3,HuntingMind,HuntingMind/trill02989,train
HuntingMind/trill02989.mp3,HuntingMind,HuntingMind/trill02989,train
HuntingMind/trill02990.mp3,HuntingMind,HuntingMind/trill02990,test
HuntingMind/trill02991.mp3,HuntingMind,HuntingMind/trill02991,train
HuntingMind/trill02992.mp3,HuntingMind,HuntingMind/trill02992,test
HuntingMind/trill02993.mp3,HuntingMind,HuntingMind/trill02993,train
HuntingMind/trill02994.mp3,HuntingMind,HuntingMind/trill02994,train
HuntingMind/trill02997.mp3,HuntingMind,HuntingMind/trill02997,train
Mating/LastEntry_cat1021Mat_opt (1).mp3,Mating,Mating/lastentry_cat1021mat,train
Mating/LastEntry_cat1021Mat_opt (2).mp3,Mating,Mating/lastentry_cat1021mat,train
Mating/LastEntry_cat1021Mat_opt (3).mp3,Mating,Mating/lastentry_cat1021mat,val
Mating/LastEntry_cat1048Mat.mp3,Mating,Mating/lastentry_cat1048mat,train
Mating/LastEntry_cat1049Mat.mp3,Mating,Mating/lastentry_cat1049mat,val
Mating/LastEntry_cat1050mat.mp3,Mating,Mating/lastentry_cat1050mat,train
Mating/LastEntry_cat1051mat.mp3,Mating,Mating/lastentry_cat1051mat,train
Mating/LastEntry_cat1052mat.mp3,Mating,Mating/lastentry_cat1052mat,train
Mating/LastEntry_cat1053mat.mp3,Mating,Mating/lastentry_cat1053mat,test
Mating/LastEntry_cat1054mat.mp3,Mating,Mating/lastentry_cat1054mat,train
Mating/LastEntry_cat1055mat.mp3,Mating,Mating/lastentry_cat1055mat,test
Mating/LastEntry_cat1057Mat.mp3,Mating,Mating/lastentry_cat1057mat,train
Mating/LastEntry_cat1058Mat.mp3,Mating,Mating/lastentry_cat1058mat,test
Mating/LastEntry_cat1060Mat (2).mp3,Mating,Mating/lastentry_cat1060mat,train
Mating/LastEntry_cat1060Mat.mp3,Mating,Mating/lastentry_cat1060mat,train
Mating/LastEntry_cat1061Mat.mp3,Mating,Mating/lastentry_cat1061mat,train
Mating/LastEntry_cat1062Mat.mp3,Mating,Mating/lastentry_cat1062mat,train
Mating/LastEntry_cat1063Mat.mp3,Mating,Mating/lastentry_cat1063mat,train
Mating/LastEntry_cat1064Mat.mp3,Mating,Mating/lastentry_cat1064mat,train
Mating/LastEntry_cat1065Mat.mp3,Mating,Mating/lastentry_cat1065mat,test
Mating/LastEntry_cat1066Mat.mp3,Mating,Mating/lastentry_cat1066mat,train
Mating/LastEntry_cat1067Mat.mp3,Mating,Mating/lastentry_cat1067mat,train
Mating/LastEntry_cat1068Mat.mp3,Mating,Mating/lastentry_cat1068mat,train
Mating/LastEntry_cat1069Mat.mp3,Mating,Mating/lastentry_cat1069mat,train
Mating/LastEntry_cat1070Mat (2).mp3,Mating,Mating/lastentry_cat1070mat,val
Mating/LastEntry_cat1070Mat.mp3,Mating,Mating/lastentry_cat1070mat,train
Mating/LastEntry_cat1071Mat.mp3,Mating,Mating/lastentry_cat1071mat,train
Mating/LastEntry_cat1072Mat.mp3,Mating,Mating/lastentry_cat1072mat,train
Mating/LastEntry_cat1073Mat.mp3,Mating,Mating/lastentry_cat1073mat,test
Mating/LastEntry_cat1074Mat.mp3,Mating,Mating/lastentry_cat1074mat,train
Mating/LastEntry_cat1075Mat (2).mp3,Mating,Mating/lastentry_cat1075mat,train
Mating/LastEntry_cat1075Mat.mp3,Mating,Mating/lastentry_cat1075mat,train
Mating/LastEntry_cat1085Mat.mp3,Mating,Mating/lastentry_cat1085mat,train
Mating/LastEntry_cat1086Mat.mp3,Mating,Mating/lastentry_cat1086mat,train
Mating/LastEntry_cat1087Mat.mp3,Mating,Mating/lastentry_cat1087mat,train
Mating/LastEntry_cat1288Mat.mp3,Mating,Mating/lastentry_cat1288mat,train
Mating/LastEntry_cat1368Mt.mp3,Mating,Mating/lastentry_cat1368mt,train
Mating/LastEntry_cat1369Mt.mp3,Mating,Mating/lastentry_cat1369mt,train
Mating/LastEntry_cat1370Mt.mp3,Mating,Mating/lastentry_cat1370mt,train
Mating/LastEntry_cat1371Mt.mp3,Mating,Mating/lastentry_cat1371mt,val
Mating/LastEntry_cat1372Mt.mp3,Mating,Mating/lastentry_cat1372mt,train
Mating/LastEntry_cat1373Mt.mp3,Mating,Mating/lastentry_cat1373mt,train
Mating/LastEntry_cat1374Mt.mp3,Mating,Mating/lastentry_cat1374mt,train
Mating/LastEntry_cat1375Mt.mp3,Mating,Mating/lastentry_cat1375mt,train
Mating/LastEntry_cat1376Mt.mp3,Mating,Mating/lastentry_cat1376mt,train
Mating/LastEntry_cat1377Mt.mp3,Mating,Mating/lastentry_cat1377mt,train
Mating/LastEntry_cat1378Mt (2).mp3,Mating,Mating/lastentry_cat1378mt,test
Mating/LastEntry_cat1378Mt.mp3,Mating,Mating/lastentry_cat1378mt,train
Mating/LastEntry_cat1379Mt.mp3,Mating,Mating/lastentry_cat1379mt,train
Mating/LastEntry_cat1380Mt.mp3,Mating,Mating/lastentry_cat1380mt,train
Mating/LastEntry_cat1381Mt.mp3,Mating,Mating/lastentry_cat1381mt,train
Mating/LastEntry_cat1382Mt.mp3,Mating,Mating/lastentry_cat1382mt,val
Mating/LastEntry_cat1383Mt.mp3,Mating,Mating/lastentry_cat1383mt,train
Mating/LastEntry_cat1384Mt.mp3,Mating,Mating/lastentry_cat1384mt,val
Mating/LastEntry_cat1385Mt.mp3,Mating,Mating/lastentry_cat1385mt,train
Mating/LastEntry_cat1386Mt.mp3,Mating,Mating/lastentry_cat1386mt,train
Mating/LastEntry_cat138776Mt.mp3,Mating,Mating/lastentry_cat138776mt,train
Mating/LastEntry_cat1388Mt.mp3,Mating,Mating/lastentry_cat1388mt,train
Mating/LastEntry_cat1389Mt (2).mp3,Mating,Mating/lastentry_cat1389mt,test
Mating/LastEntry_cat1389Mt.mp3,Mating,Mating/lastentry_cat1389mt,train
Mating/LastEntry_cat1390Mt.mp3,Mating,Mating/lastentry_cat1390mt,val
Mating/LastEntry_cat1391Mt (2).mp3,Mating,Mating/lastentry_cat1391mt,test
Mating/LastEntry_cat1391Mt.mp3,Mating,Mating/lastentry_cat1391mt,test
Mating/LastEntry_cat1392Mt.mp3,Mating,Mating/lastentry_cat1392mt,train
Mating/LastEntry_cat1393Mt.mp3,Mating,Mating/lastentry_cat1393mt,test
Mating/LastEntry_cat1394Mt.mp3,Mating,Mating/lastentry_cat1394mt,train
Mating/LastEntry_cat1395Mt.mp3,Mating,Mating/lastentry_cat1395mt,test
Mating/LastEntry_cat1396Mt.mp3,Mating,Mating/lastentry_cat1396mt,val
Mating/LastEntry_cat1397Mt.mp3,Mating,Mating/lastentry_cat1397mt,train
Mating/LastEntry_cat1398Mt.mp3,Mating,Mating/lastentry_cat1398mt,train
Mating/LastEntry_cat1399Mt.mp3,Mating,Mating/lastentry_cat1399mt,train
Mating/LastEntry_cat1400Mt.mp3,Mating,Mating/lastentry_cat1400mt,val
Mating/LastEntry_cat1401Mt.mp3,Mating,Mating/lastentry_cat1401mt,val
Mating/LastEntry_cat1402Mt.mp3,Mating,Mating/lastentry_cat1402mt,train
Mating/LastEntry_cat1403Mt.mp3,Mating,Mating/lastentry_cat1403mt,train
Mating/LastEntry_cat1404Mt.mp3,Mating,Mating/lastentry_cat1404mt,val
Mating/LastEntry_cat1407Mt.mp3,Mating,Mating/lastentry_cat1407mt,train
Mating/YashLL_Cat0210Mating.mp3,Mating,Mating/yashll_cat0210mating,train
Mating/YashLL_Cat0211Mating.mp3,Mating,Mating/yashll_cat0211mating,train
Mating/YashLL_Cat0212Mating.mp3,Mating,Mating/yashll_cat0212mating,train
Mating/YashLL_Cat0213Mating.mp3,Mating,Mating/yashll_cat0213mating,train
Mating/YashLL_Cat0214Mating.mp3,Mating,Mating/yashll_cat0214mating,test
Mating/YashLL_Cat0215Mating.mp3,Mating,Mating/yashll_cat0215mating,train
Mating/YashLL_Cat0216Mating.mp3,Mating,Mating/yashll_cat0216mating,train
Mating/YashLL_Cat0217Mating (2).mp3,Mating,Mating/yashll_cat0217mating,train
Mating/YashLL_Cat0218Mating.mp3,Mating,Mating/yashll_cat0218mating,train
Mating/YashLL_Cat0220Mating.mp3,Mating,Mating/yashll_cat0220mating,train
Mating/YashLL_Cat0221Mating.mp3,Mating,Mating/yashll_cat0221mating,train
Mating/YashLL_Cat0222Mating.mp3,Mating,Mating/yashll_cat0222mating,val
Mating/YashLL_Cat0223Mating.mp3,Mating,Mating/yashll_cat0223mating,train
Mating/YashLL_Cat0224Mating.mp3,Mating,Mating/yashll_cat0224mating,train
Mating/YashLL_Cat0226Mating.mp3,Mating,Mating/yashll_cat0226mating,train
Mating/YashLL_Cat0227Mating.mp3,Mating,Mating/yashll_cat0227mating,train
Mating/YashLL_Cat0228Mating.mp3,Mating,Mating/yashll_cat0228mating,train
Mating/YashLL_Cat0229Mating.mp3,Mating,Mating/yashll_cat0229mating,train
Mating/YashLL_Cat0230Mating.mp3,Mating,Mating/yashll_cat0230mating,train
Mating/YashLL_Cat0231Mating (2).mp3,Mating,Mating/yashll_cat0231mating,train
Mating/YashLL_Cat0231Mating.mp3,Mating,Mating/yashll_cat0231mating,test
Mating/YashLL_Cat0241Mating.mp3,Mating,Mating/yashll_cat0241mating,val
Mating/YashLL_Cat0242Mating.mp3,Mating,Mating/yashll_cat0242mating,train
Mating/YashLL_Cat0243Mating.mp3,Mating,Mating/yashll_cat0243mating,val
Mating/YashLL_Cat0244Mating.mp3,Mating,Mating/yashll_cat0244mating,train
Mating/YashLL_Cat0245Mating.mp3,Mating,Mating/yashll_cat0245mating,train
Mating/YashLL_Cat0246Mating.mp3,Mating,Mating/yashll_cat0246mating,train
Mating/YashLL_Cat0247Mating.mp3,Mating,Mating/yashll_cat0247mating,test
Mating/car_extcoll0154.mp3,Mating,Mating/car_extcoll0154,train
Mating/cat010.mp3,Mating,Mating/cat010,test
Mating/cat011.mp3,Mating,Mating/cat011,train
Mating/cat012.mp3,Mating,Mating/cat012,train
Mating/cat013.mp3,Mating,Mating/cat013,train
Mating/cat014.mp3,Mating,Mating/cat014,train
Mating/cat015.mp3,Mating,Mating/cat015,train
Mating/cat016.mp3,Mating,Mating/cat016,train
Mating/cat017.mp3,Mating,Mating/cat017,train
Mating/cat018.mp3,Mating,Mating/cat018,train
Mating/cat019.mp3,Mating,Mating/cat019,train
Mating/cat020.mp3,Mating,Mating/cat020,train
Mating/cat021.mp3,Mating,Mating/cat021,train
Mating/cat022.mp3,Mating,Mating/cat022,train
Mating/cat023.mp3,Mating,Mating/cat023,val
Mating/cat024.mp3,Mating,Mating/cat024,train
Mating/cat025.mp3,Mating,Mating/cat025,val
Mating/cat026.mp3,Mating,Mating/cat026,val
Mating/cat027.mp3,Mating,Mating/cat027,train
Mating/cat028.mp3,Mating,Mating/cat028,test
Mating/cat029.mp3,Mating,Mating/cat029,train
Mating/cat030.mp3,Mating,Mating/cat030,train
Mating/cat031.mp3,Mating,Mating/cat031,train
Mating/cat03100.mp3,Mating,Mating/cat03100,train
Mating/cat03101.mp3,Mating,Mating/cat03101,train
Mating/cat03102.mp3,Mating,Mating/cat03102,train
Mating/cat03103.mp3,Mating,Mating/cat03103,train
Mating/cat03104.mp3,Mating,Mating/cat03104,train
Mating/cat03105.mp3,Mating,Mating/cat03105,train
Mating/cat03106.mp3,Mating,Mating/cat03106,train
Mating/cat03107.mp3,Mating,Mating/cat03107,train
Mating/cat03108.mp3,Mating,Mating/cat03108,test
Mating/cat03110.mp3,Mating,Mating/cat03110,train
Mating/cat03111.mp3,Mating,Mating/cat03111,test
Mating/cat03112.mp3,Mating,Mating/cat03112,val
Mating/cat03113.mp3,Mating,Mating/cat03113,train
Mating/cat03114.mp3,Mating,Mating/cat03114,test
Mating/cat03115.mp3,Mating,Mating/cat03115,train
Mating/cat03116.mp3,Mating,Mating/cat03116,train
Mating/cat03117.mp3,Mating,Mating/cat03117,test
Mating/cat03118.mp3,Mating,Mating/cat03118,test
Mating/cat03119.mp3,Mating,Mating/cat03119,train
Mating/cat03120.mp3,Mating,Mating/cat03120,test
Mating/cat03121.mp3,Mating,Mating/cat03121,train
Mating/cat032.mp3,Mating,Mating/cat032,train
Mating/cat033.mp3,Mating,Mating/cat033,train
Mating/cat034.mp3,Mating,Mating/cat034,train
Mating/cat03530.mp3,Mating,Mating/cat03530,val
Mating/cat03531.mp3,Mating,Mating/cat03531,train
Mating/cat03532.mp3,Mating,Mating/cat03532,train
Mating/cat03533.mp3,Mating,Mating/cat03533,train
Mating/cat03534.mp3,Mating,Mating/cat03534,train
Mating/cat03535.mp3,Mating,Mating/cat03535,test
Mating/cat03536.mp3,Mating,Mating/cat03536,train
Mating/cat03537.mp3,Mating,Mating/cat03537,test
Mating/cat03538.mp3,Mating,Mating/cat03538,train
Mating/cat03539.mp3,Mating,Mating/cat03539,train
Mating/cat03540.mp3,Mating,Mating/cat03540,test
Mating/cat03541.mp3,Mating,Mating/cat03541,train
Mating/cat03542.mp3,Mating,Mating/cat03542,train
Mating/cat03543.mp3,Mating,Mating/cat03543,train
Mating/cat03544.mp3,Mating,Mating/cat03544,train
Mating/cat03545.mp3,Mating,Mating/cat03545,train
Mating/cat03546.mp3,Mating,Mating/cat03546,train
Mating/cat03547.mp3,Mating,Mating/cat03547,val
Mating/cat03548.mp3,Mating,Mating/cat03548,train
Mating/cat03549.mp3,Mating,Mating/cat03549,train
Mating/cat03550.mp3,Mating,Mating/cat03550,train
Mating/cat03551.mp3,Mating,Mating/cat03551,train
Mating/cat03552.mp3,Mating,Mating/cat03552,train
Mating/cat03553.mp3,Mating,Mating/cat03553,train
Mating/cat03554.mp3,Mating,Mating/cat03554,test
Mating/cat03555.mp3,Mating,Mating/cat03555,test
Mating/cat03556.mp3,Mating,Mating/cat03556,train
Mating/cat03557.mp3,Mating,Mating/cat03557,train
Mating/cat03558.mp3,Mating,Mating/cat03558,train
Mating/cat03559.mp3,Mating,Mating/cat03559,train
Mating/cat03560.mp3,Mating,Mating/cat03560,train
Mating/cat03563.mp3,Mating,Mating/cat03563,test
Mating/cat03565.mp3,Mating,Mating/cat03565,val
Mating/cat03567.mp3,Mating,Mating/cat03567,train
Mating/cat03568.mp3,Mating,Mating/cat03568,val
Mating/cat03569.mp3,Mating,Mating/cat03569,train
Mating/cat03570.mp3,Mating,Mating/cat03570,train
Mating/cat03571.mp3,Mating,Mating/cat03571,train
Mating/cat03572.mp3,Mating,Mating/cat03572,train
Mating/cat03576.mp3,Mating,Mating/cat03576,train
Mating/cat03577.mp3,Mating,Mating/cat03577,val
Mating/cat03578.mp3,Mating,Mating/cat03578,train
Mating/cat03579.mp3,Mating,Mating/cat03579,val
Mating/cat03580.mp3,Mating,Mating/cat03580,train
Mating/cat03581.mp3,Mating,Mating/cat03581,train
Mating/cat03582.mp3,Mating,Mating/cat03582,val
Mating/cat03584.mp3,Mating,Mating/cat03584,val
Mating/cat03585.mp3,Mating,Mating/cat03585,train
Mating/cat03586.mp3,Mating,Mating/cat03586,train
Mating/cat03587.mp3,Mating,Mating/cat03587,train
Mating/cat03589.mp3,Mating,Mating/cat03589,train
Mating/cat03590.mp3,Mating,Mating/cat03590,train
Mating/cat03591.mp3,Mating,Mating/cat03591,train
Mating/cat03592.mp3,Mating,Mating/cat03592,train
Mating/cat03593.mp3,Mating,Mating/cat03593,test
Mating/cat03594.mp3,Mating,Mating/cat03594,train
Mating/cat03595.mp3,Mating,Mating/cat03595,train
Mating/cat03596.mp3,Mating,Mating/cat03596,train
Mating/cat03597.mp3,Mating,Mating/cat03597,train
Mating/cat03598.mp3,Mating,Mating/cat03598,train
Mating/cat03599.mp3,Mating,Mating/cat03599,train
Mating/cat4545.mp3,Mating,Mating/cat4545,train
Mating/cat4547.mp3,Mating,Mating/cat4547,test
Mating/cat_youtube64302 (3).mp3,Mating,Mating/cat_youtube64302,test
Mating/cat_youtube64303.mp3,Mating,Mating/cat_youtube64303,train
Mating/cat_youtube64304.mp3,Mating,Mating/cat_youtube64304,val
Mating/cat_youtube64306.mp3,Mating,Mating/cat_youtube64306,train
Mating/cat_youtube64307.mp3,Mating,Mating/cat_youtube64307,test
Mating/cat_youtube64309.mp3,Mating,Mating/cat_youtube64309,train
Mating/cat_youtube64310.mp3,Mating,Mating/cat_youtube64310,train
Mating/cat_youtube64311.mp3,Mating,Mating/cat_youtube64311,train
Mating/cat_youtube64312.mp3,Mating,Mating/cat_youtube64312,train
Mating/cat_youtube64313.mp3,Mating,Mating/cat_youtube64313,train
Mating/cat_youtube64314.mp3,Mating,Mating/cat_youtube64314,val
Mating/cat_youtube64315.mp3,Mating,Mating/cat_youtube64315,test
Mating/cat_youtube64316.mp3,Mating,Mating/cat_youtube64316,train
Mating/cat_youtube64317.mp3,Mating,Mating/cat_youtube64317,train
Mating/cat_youtube64318.mp3,Mating,Mating/cat_youtube64318,val
Mating/cat_youtube64319.mp3,Mating,Mating/cat_youtube64319,train
Mating/cat_youtube64320.mp3,Mating,Mating/cat_youtube64320,train
Mating/cat_youtube64321.mp3,Mating,Mating/cat_youtube64321,train
Mating/cat_youtube64322.mp3,Mating,Mating/cat_youtube64322,val
Mating/cat_youtube64323.mp3,Mating,Mating/cat_youtube64323,train
Mating/cat_youtube64324.mp3,Mating,Mating/cat_youtube64324,val
Mating/cat_youtube64325.mp3,Mating,Mating/cat_youtube64325,train
Mating/cat_youtube64326.mp3,Mating,Mating/cat_youtube64326,train
Mating/cat_youtube64327.mp3,Mating,Mating/cat_youtube64327,val
Mating/cat_youtube64328.mp3,Mating,Mating/cat_youtube64328,train
Mating/cat_youtube64329.mp3,Mating,Mating/cat_youtube64329,test
Mating/cat_youtube64330.mp3,Mating,Mating/cat_youtube64330,train
Mating/cat_youtube64331.mp3,Mating,Mating/cat_youtube64331,val
Mating/cat_youtube64332.mp3,Mating,Mating/cat_youtube64332,train
Mating/cat_youtube64333.mp3,Mating,Mating/cat_youtube64333,test
Mating/cat_youtube64334.mp3,Mating,Mating/cat_youtube64334,train
Mating/cat_youtube64335.mp3,Mating,Mating/cat_youtube64335,train
Mating/cat_youtube64336.mp3,Mating,Mating/cat_youtube64336,train
Mating/cat_youtube64337.mp3,Mating,Mating/cat_youtube64337,train
Mating/cat_youtube64338.mp3,Mating,Mating/cat_youtube64338,test
Mating/cat_youtube64339.mp3,Mating,Mating/cat_youtube64339,train
Mating/cat_youtube64340.mp3,Mating,Mating/cat_youtube64340,train
Mating/cat_youtube64341.mp3,Mating,Mating/cat_youtube64341,train
Mating/cat_youtube64342.mp3,Mating,Mating/cat_youtube64342,train
Mating/cat_youtube64343.mp3,Mating,Mating/cat_youtube64343,train
Mating/cat_youtube64344.mp3,Mating,Mating/cat_youtube64344,val
Mating/cat_youtube64345.mp3,Mating,Mating/cat_youtube64345,train
Mating/cat_youtube64346.mp3,Mating,Mating/cat_youtube64346,train
Mating/cat_youtube64347.mp3,Mating,Mating/cat_youtube64347,val
Mating/cat_youtube64348.mp3,Mating,Mating/cat_youtube64348,test
Mating/cat_youtube64349.mp3,Mating,Mating/cat_youtube64349,test
Mating/cat_youtube64350.mp3,Mating,Mating/cat_youtube64350,val
Mating/cat_youtube64351.mp3,Mating,Mating/cat_youtube64351,test
Mating/cat_youtube64352.mp3,Mating,Mating/cat_youtube64352,train
Mating/cat_youtube64353 (2).mp3,Mating,Mating/cat_youtube64353,val
Mating/cat_youtube64353 (3).mp3,Mating,Mating/cat_youtube64353,test
Mating/cat_youtube64353.mp3,Mating,Mating/cat_youtube64353,train
Mating/cat_youtube64354.mp3,Mating,Mating/cat_youtube64354,train
Mating/cat_youtube64355.mp3,Mating,Mating/cat_youtube64355,train
Mating/cat_youtube64356.mp3,Mating,Mating/cat_youtube64356,train
Mating/cat_youtube64357.mp3,Mating,Mating/cat_youtube64357,train
Mating/cat_youtube64358.mp3,Mating,Mating/cat_youtube64358,test
Mating/cat_youtube64359.mp3,Mating,Mating/cat_youtube64359,train
Mating/cat_youtube64360.mp3,Mating,Mating/cat_youtube64360,train
Mating/cat_youtube64361.mp3,Mating,Mating/cat_youtube64361,train
Mating/cat_youtube64362.mp3,Mating,Mating/cat_youtube64362,train
Mating/cat_youtube64364.mp3,Mating,Mating/cat_youtube64364,val
Mating/cat_youtube64368.mp3,Mating,Mating/cat_youtube64368,val
Mating/cat_youtube64369.mp3,Mating,Mating/cat_youtube64369,val
Mating/cat_youtube64370.mp3,Mating,Mating/cat_youtube64370,test
Mating/cat_youtube64371.mp3,Mating,Mating/cat_youtube64371,train
Mating/cat_youtube64372.mp3,Mating,Mating/cat_youtube64372,val
Mating/cat_youtube64375.mp3,Mating,Mating/cat_youtube64375,val
Mating/cat_youtube64380.mp3,Mating,Mating/cat_youtube64380,train
Mating/cat_youtube64381.mp3,Mating,Mating/cat_youtube64381,val
Mating/cat_youtube64382.mp3,Mating,Mating/cat_youtube64382,train
Mating/cat_youtube64383.mp3,Mating,Mating/cat_youtube64383,test
Mating/cat_youtube64384.mp3,Mating,Mating/cat_youtube64384,train
Mating/cat_youtube64385.mp3,Mating,Mating/cat_youtube64385,train
Mating/cat_youtube64386.mp3,Mating,Mating/cat_youtube64386,test
Mating/cat_youtube64387.mp3,Mating,Mating/cat_youtube64387,val
Mating/cat_youtube64388.mp3,Mating,Mating/cat_youtube64388,val
Mating/cat_youtube64389.mp3,Mating,Mating/cat_youtube64389,train
Mating/cat_youtube64390.mp3,Mating,Mating/cat_youtube64390,train
Mating/cat_youtube64391.mp3,Mating,Mating/cat_youtube64391,train
Mating/cat_youtube64392.mp3,Mating,Mating/cat_youtube64392,train
Mating/cat_youtube64393.mp3,Mating,Mating/cat_youtube64393,train
Mating/cat_youtube64394.mp3,Mating,Mating/cat_youtube64394,train
Mating/cat_youtube64395.mp3,Mating,Mating/cat_youtube64395,test
Mating/cat_youtube64397.mp3,Mating,Mating/cat_youtube64397,train
MotherCall/Cat_YoutubeLLT42313.mp3,MotherCall,MotherCall/cat_youtubellt42313,train
MotherCall/Cat_YoutubeLLT42314.mp3,MotherCall,MotherCall/cat_youtubellt42314,val
MotherCall/Cat_YoutubeLLT42315.mp3,MotherCall,MotherCall/cat_youtubellt42315,test
MotherCall/Cat_YoutubeLLT42316.mp3,MotherCall,MotherCall/cat_youtubellt42316,train
MotherCall/Cat_YoutubeLLT42317.mp3,MotherCall,MotherCall/cat_youtubellt42317,train
MotherCall/Cat_YoutubeLLT42318.mp3,MotherCall,MotherCall/cat_youtubellt42318,train
MotherCall/Cat_YoutubeLLT42319.mp3,MotherCall,MotherCall/cat_youtubellt42319,val
MotherCall/Cat_YoutubeLLT42320.mp3,MotherCall,MotherCall/cat_youtubellt42320,train
MotherCall/Cat_YoutubeLLT42321.mp3,MotherCall,MotherCall/cat_youtubellt42321,val
MotherCall/Cat_YoutubeLLT42322.mp3,MotherCall,MotherCall/cat_youtubellt42322,train
MotherCall/Cat_YoutubeLLT42323.mp3,MotherCall,MotherCall/cat_youtubellt42323,train
MotherCall/Cat_YoutubeLLT42328.mp3,MotherCall,MotherCall/cat_youtubellt42328,test
MotherCall/Cat_YoutubeLLT42329.mp3,MotherCall,MotherCall/cat_youtubellt42329,train
MotherCall/Cat_YoutubeLLT42330.mp3,MotherCall,MotherCall/cat_youtubellt42330,val
MotherCall/Cat_YoutubeLLT42331.mp3,MotherCall,MotherCall/cat_youtubellt42331,train
MotherCall/Cat_YoutubeLLT42332.mp3,MotherCall,MotherCall/cat_youtubellt42332,train
MotherCall/Cat_YoutubeLLT42333.mp3,MotherCall,MotherCall/cat_youtubellt42333,train
MotherCall/Cat_YoutubeLLT42334.mp3,MotherCall,MotherCall/cat_youtubellt42334,train
MotherCall/Cat_YoutubeLLT42335.mp3,MotherCall,MotherCall/cat_youtubellt42335,train
MotherCall/Cat_YoutubeLLT42336.mp3,MotherCall,MotherCall/cat_youtubellt42336,train
MotherCall/Cat_YoutubeLLT42337.mp3,MotherCall,MotherCall/cat_youtubellt42337,train
MotherCall/Cat_YoutubeLLT42338.mp3,MotherCall,MotherCall/cat_youtubellt42338,test
MotherCall/Cat_YoutubeLLT42350.mp3,MotherCall,MotherCall/cat_youtubellt42350,train
MotherCall/Cat_YoutubeLLT42377.mp3,MotherCall,MotherCall/cat_youtubellt42377,train
MotherCall/Cat_pills0111.mp3,MotherCall,MotherCall/cat_pills0111,val
MotherCall/Cat_pills0112.mp3,MotherCall,MotherCall/cat_pills0112,train
MotherCall/Cat_pills0113.mp3,MotherCall,MotherCall/cat_pills0113,train
MotherCall/Cat_pills0114.mp3,MotherCall,MotherCall/cat_pills0114,train
MotherCall/Cat_pills0115.mp3,MotherCall,MotherCall/cat_pills0115,train
MotherCall/Cat_pills0116.mp3,MotherCall,MotherCall/cat_pills0116,train
MotherCall/Cat_pills0117.mp3,MotherCall,MotherCall/cat_pills0117,train
MotherCall/Cat_pills0118.mp3,MotherCall,MotherCall/cat_pills0118,test
MotherCall/Cat_pills0119.mp3,MotherCall,MotherCall/cat_pills0119,train
MotherCall/Cat_pills0120.mp3,MotherCall,MotherCall/cat_pills0120,train
MotherCall/Cat_pills0121.mp3,MotherCall,MotherCall/cat_pills0121,val
MotherCall/Cat_pills0122.mp3,MotherCall,MotherCall/cat_pills0122,train
MotherCall/Cat_pills0123.mp3,MotherCall,MotherCall/cat_pills0123,val
MotherCall/Cat_pills0124.mp3,MotherCall,MotherCall/cat_pills0124,train
MotherCall/Cat_pills0125.mp3,MotherCall,MotherCall/cat_pills0125,train
MotherCall/Cat_pills0126.mp3,MotherCall,MotherCall/cat_pills0126,train
MotherCall/Cat_pills0127.mp3,MotherCall,MotherCall/cat_pills0127,val
MotherCall/Cat_pills0128.mp3,MotherCall,MotherCall/cat_pills0128,train
MotherCall/Cat_pills0129.mp3,MotherCall,MotherCall/cat_pills0129,train
MotherCall/Cat_pills0130.mp3,MotherCall,MotherCall/cat_pills0130,val
MotherCall/Cat_pills0131.mp3,MotherCall,MotherCall/cat_pills0131,val
MotherCall/Cat_pills0132.mp3,MotherCall,MotherCall/cat_pills0132,val
MotherCall/Cat_pills0133.mp3,MotherCall,MotherCall/cat_pills0133,train
MotherCall/Cat_pills0134.mp3,MotherCall,MotherCall/cat_pills0134,train
MotherCall/Cat_pills0135.mp3,MotherCall,MotherCall/cat_pills0135,train
MotherCall/Cat_pills0136.mp3,MotherCall,MotherCall/cat_pills0136,train
MotherCall/Cat_pills0137.mp3,MotherCall,MotherCall/cat_pills0137,val
MotherCall/Cat_pills0138.mp3,MotherCall,MotherCall/cat_pills0138,train
MotherCall/Cat_pills0139.mp3,MotherCall,MotherCall/cat_pills0139,test
MotherCall/Cat_pills0140.mp3,MotherCall,MotherCall/cat_pills0140,train
MotherCall/Cat_pills0141.mp3,MotherCall,MotherCall/cat_pills0141,test
MotherCall/Cat_pills0142.mp3,MotherCall,MotherCall/cat_pills0142,test
MotherCall/Cat_pills0143.mp3,MotherCall,MotherCall/cat_pills0143,train
MotherCall/Cat_pills0144.mp3,MotherCall,MotherCall/cat_pills0144,train
MotherCall/Cat_pills0145.mp3,MotherCall,MotherCall/cat_pills0145,val
MotherCall/Cat_pills0146.mp3,MotherCall,MotherCall/cat_pills0146,train
MotherCall/Cat_pills0147.mp3,MotherCall,MotherCall/cat_pills0147,train
MotherCall/Cat_pills0148.mp3,MotherCall,MotherCall/cat_pills0148,train
MotherCall/Cat_pills0149.mp3,MotherCall,MotherCall/cat_pills0149,train
MotherCall/Cat_pills0150.mp3,MotherCall,MotherCall/cat_pills0150,train
MotherCall/Cat_pills0151.mp3,MotherCall,MotherCall/cat_pills0151,train
MotherCall/Cat_pills0152.mp3,MotherCall,MotherCall/cat_pills0152,train
MotherCall/Cat_pills0153.mp3,MotherCall,MotherCall/cat_pills0153,train
MotherCall/Cat_pills0154.mp3,MotherCall,MotherCall/cat_pills0154,train
MotherCall/Cat_pills0155.mp3,MotherCall,MotherCall/cat_pills0155,train
MotherCall/Cat_pills0156.mp3,MotherCall,MotherCall/cat_pills0156,train
MotherCall/Cat_pills0157.mp3,MotherCall,MotherCall/cat_pills0157,train
MotherCall/Cat_pills0158.mp3,MotherCall,MotherCall/cat_pills0158,train
MotherCall/Cat_pills0159.mp3,MotherCall,MotherCall/cat_pills0159,test
MotherCall/Cat_pills0160.mp3,MotherCall,MotherCall/cat_pills0160,train
MotherCall/Cat_pills0161.mp3,MotherCall,MotherCall/cat_pills0161,train
MotherCall/Cat_pills0162.mp3,MotherCall,MotherCall/cat_pills0162,val
MotherCall/Cat_pills0163.mp3,MotherCall,MotherCall/cat_pills0163,test
MotherCall/Cat_pills0164.mp3,MotherCall,MotherCall/cat_pills0164,train
MotherCall/Cat_pills0165.mp3,MotherCall,MotherCall/cat_pills0165,train
MotherCall/Cat_pills0166.mp3,MotherCall,MotherCall/cat_pills0166,val
MotherCall/Cat_pills0167.mp3,MotherCall,MotherCall/cat_pills0167,train
MotherCall/Cat_pills0168.mp3,MotherCall,MotherCall/cat_pills0168,val
MotherCall/Cat_pills0169.mp3,MotherCall,MotherCall/cat_pills0169,train
MotherCall/Cat_pills0170.mp3,MotherCall,MotherCall/cat_pills0170,test
MotherCall/Cat_pills0171.mp3,MotherCall,MotherCall/cat_pills0171,train
MotherCall/Cat_pills0172.mp3,MotherCall,MotherCall/cat_pills0172,val
MotherCall/Cat_pills0173.mp3,MotherCall,MotherCall/cat_pills0173,test
MotherCall/Cat_pills0174.mp3,MotherCall,MotherCall/cat_pills0174,train
MotherCall/Cat_pills0175.mp3,MotherCall,MotherCall/cat_pills0175,train
MotherCall/Cat_pills0176.mp3,MotherCall,MotherCall/cat_pills0176,test
MotherCall/Cat_pills0177.mp3,MotherCall,MotherCall/cat_pills0177,train
MotherCall/Cat_pills0178.mp3,MotherCall,MotherCall/cat_pills0178,val
MotherCall/Cat_pills0179.mp3,MotherCall,MotherCall/cat_pills0179,test
MotherCall/Cat_pills0180.mp3,MotherCall,MotherCall/cat_pills0180,train
MotherCall/Cat_pills0181.mp3,MotherCall,MotherCall/cat_pills0181,train
MotherCall/Cat_pills0182.mp3,MotherCall,MotherCall/cat_pills0182,test
MotherCall/Cat_pills0183.mp3,MotherCall,MotherCall/cat_pills0183,train
MotherCall/Cat_pills0184.mp3,MotherCall,MotherCall/cat_pills0184,train
MotherCall/Cat_pills0185.mp3,MotherCall,MotherCall/cat_pills0185,train
MotherCall/Cat_pills0186.mp3,MotherCall,MotherCall/cat_pills0186,val
MotherCall/Cat_pills0187.mp3,MotherCall,MotherCall/cat_pills0187,train
MotherCall/Cat_pills0188.mp3,MotherCall,MotherCall/cat_pills0188,train
MotherCall/Cat_pills0189.mp3,MotherCall,MotherCall/cat_pills0189,test
MotherCall/Cat_pills0190.mp3,MotherCall,MotherCall/cat_pills0190,train
MotherCall/Cat_pills0191.mp3,MotherCall,MotherCall/cat_pills0191,test
MotherCall/Cat_pills0192.mp3,MotherCall,MotherCall/cat_pills0192,val
MotherCall/Cat_pills0193.mp3,MotherCall,MotherCall/cat_pills0193,train
MotherCall/Cat_pills0194.mp3,MotherCall,MotherCall/cat_pills0194,train
MotherCall/Cat_pills0195.mp3,MotherCall,MotherCall/cat_pills0195,train
MotherCall/Cat_pills0196.mp3,MotherCall,MotherCall/cat_pills0196,train
MotherCall/Cat_pills0197.mp3,MotherCall,MotherCall/cat_pills0197,test
MotherCall/Cat_pills0198.mp3,MotherCall,MotherCall/cat_pills0198,train
MotherCall/Edit9098Pill (2).mp3,MotherCall,MotherCall/edit9098pill,train
MotherCall/Edit9098Pill.mp3,MotherCall,MotherCall/edit9098pill,train
MotherCall/Edit9100Pill.mp3,MotherCall,MotherCall/edit9100pill,train
MotherCall/Edit9105Pill.mp3,MotherCall,MotherCall/edit9105pill,val
MotherCall/Edit9106Pill.mp3,MotherCall,MotherCall/edit9106pill,train
MotherCall/Edit9107Pill.mp3,MotherCall,MotherCall/edit9107pill,train
MotherCall/Edit9108Pill.mp3,MotherCall,MotherCall/edit9108pill,test
MotherCall/Edit9109Pill.mp3,MotherCall,MotherCall/edit9109pill,train
MotherCall/Edit9110Pill.mp3,MotherCall,MotherCall/edit9110pill,train
MotherCall/Edit9111Pill.mp3,MotherCall,MotherCall/edit9111pill,val
MotherCall/Last_addCat122Pil.mp3,MotherCall,MotherCall/last_addcat122pil,val
MotherCall/Last_addCat123Pil.mp3,MotherCall,MotherCall/last_addcat123pil,train
MotherCall/Last_addCat124Pil.mp3,MotherCall,MotherCall/last_addcat124pil,train
MotherCall/Last_addCat125Pil.mp3,MotherCall,MotherCall/last_addcat125pil,train
MotherCall/Last_addCat126Pil.mp3,MotherCall,MotherCall/last_addcat126pil,val
MotherCall/Last_addCat127Pil.mp3,MotherCall,MotherCall/last_addcat127pil,train
MotherCall/Last_addCat128Pil.mp3,MotherCall,MotherCall/last_addcat128pil,train
MotherCall/Last_addCat129554Pil.mp3,MotherCall,MotherCall/last_addcat129554pil,train
MotherCall/Last_addCat129555Pil.mp3,MotherCall,MotherCall/last_addcat129555pil,test
MotherCall/Last_addCat129556Pil.mp3,MotherCall,MotherCall/last_addcat129556pil,train
MotherCall/Last_addCat129557Pil.mp3,MotherCall,MotherCall/last_addcat129557pil,train
MotherCall/Last_addCat129558Pil.mp3,MotherCall,MotherCall/last_addcat129558pil,train
MotherCall/Last_addCat129559Pil (2).mp3,MotherCall,MotherCall/last_addcat129559pil,train
MotherCall/Last_addCat129559Pil.mp3,MotherCall,MotherCall/last_addcat129559pil,val
MotherCall/Last_addCat129560Pil.mp3,MotherCall,MotherCall/last_addcat129560pil,train
MotherCall/Last_addCat129561Pil.mp3,MotherCall,MotherCall/last_addcat129561pil,train
MotherCall/Last_addCat129Pil.mp3,MotherCall,MotherCall/last_addcat129pil,train
MotherCall/Last_addCat130Pil.mp3,MotherCall,MotherCall/last_addcat130pil,train
MotherCall/Last_addCat131Pil.mp3,MotherCall,MotherCall/last_addcat131pil,val
MotherCall/Last_addCat132Pil.mp3,MotherCall,MotherCall/last_addcat132pil,train
MotherCall/Last_addCat133Pil.mp3,MotherCall,MotherCall/last_addcat133pil,val
MotherCall/Last_addCat134Pil.mp3,MotherCall,MotherCall/last_addcat134pil,train
MotherCall/Last_addCat135Pil.mp3,MotherCall,MotherCall/last_addcat135pil,train
MotherCall/Last_addCat136Pil.mp3,MotherCall,MotherCall/last_addcat136pil,test
MotherCall/Last_addCat137Pil.mp3,MotherCall,MotherCall/last_addcat137pil,test
MotherCall/Last_addCat138Pil.mp3,MotherCall,MotherCall/last_addcat138pil,test
MotherCall/Last_addCat139Pil.mp3,MotherCall,MotherCall/last_addcat139pil,train
MotherCall/Last_addCat140Pil.mp3,MotherCall,MotherCall/last_addcat140pil,test
MotherCall/Last_addCat141Pil.mp3,MotherCall,MotherCall/last_addcat141pil,train
MotherCall/Last_addCat142Pil.mp3,MotherCall,MotherCall/last_addcat142pil,train
MotherCall/Last_addCat143Pil.mp3,MotherCall,MotherCall/last_addcat143pil,train
MotherCall/Last_addCat144Pil.mp3,MotherCall,MotherCall/last_addcat144pil,test
MotherCall/Last_addCat145Pil.mp3,MotherCall,MotherCall/last_addcat145pil,train
MotherCall/Last_addCat146Pil.mp3,MotherCall,MotherCall/last_addcat146pil,val
MotherCall/Last_addCat147Pil.mp3,MotherCall,MotherCall/last_addcat147pil,train
MotherCall/Last_addCat148Pil.mp3,MotherCall,MotherCall/last_addcat148pil,train
MotherCall/Last_addCat149Pil.mp3,MotherCall,MotherCall/last_addcat149pil,train
MotherCall/Last_addCat150Pil.mp3,MotherCall,MotherCall/last_addcat150pil,test
MotherCall/Last_addCat151Pil.mp3,MotherCall,MotherCall/last_addcat151pil,test
MotherCall/Last_addCat152Pil.mp3,MotherCall,MotherCall/last_addcat152pil,train
MotherCall/Last_addCat153Pil.mp3,MotherCall,MotherCall/last_addcat153pil,train
MotherCall/Last_addCat154Pil.mp3,MotherCall,MotherCall/last_addcat154pil,train
MotherCall/Last_addCat155Pil.mp3,MotherCall,MotherCall/last_addcat155pil,train
MotherCall/Last_addCat156Pil.mp3,MotherCall,MotherCall/last_addcat156pil,val
MotherCall/Last_addCat157Pil.mp3,MotherCall,MotherCall/last_addcat157pil,train
MotherCall/Last_addCat158Pil.mp3,MotherCall,MotherCall/last_addcat158pil,train
MotherCall/Last_addCat159Pil.mp3,MotherCall,MotherCall/last_addcat159pil,train
MotherCall/Last_addCat160Pil.mp3,MotherCall,MotherCall/last_addcat160pil,train
MotherCall/Last_addCat161Pil.mp3,MotherCall,MotherCall/last_addcat161pil,train
MotherCall/Last_addCat162Pil.mp3,MotherCall,MotherCall/last_addcat162pil,train
MotherCall/Last_addCat163Pil.mp3,MotherCall,MotherCall/last_addcat163pil,test
MotherCall/Last_addCat164Pil.mp3,MotherCall,MotherCall/last_addcat164pil,test
MotherCall/Last_addCat165Pil.mp3,MotherCall,MotherCall/last_addcat165pil,train
MotherCall/Last_addCat177Pill.mp3,MotherCall,MotherCall/last_addcat177pill,train
MotherCall/Last_addCat178Pill.mp3,MotherCall,MotherCall/last_addcat178pill,train
MotherCall/Last_addCat179Pill.mp3,MotherCall,MotherCall/last_addcat179pill,test
MotherCall/Last_addCat180Pill.mp3,MotherCall,MotherCall/last_addcat180pill,train
MotherCall/Last_addCat181Pill.mp3,MotherCall,MotherCall/last_addcat181pill,train
MotherCall/Last_addCat182Pill.mp3,MotherCall,MotherCall/last_addcat182pill,train
MotherCall/Last_addCat183Pill.mp3,MotherCall,MotherCall/last_addcat183pill,test
MotherCall/Last_addCat184Pill.mp3,MotherCall,MotherCall/last_addcat184pill,test
MotherCall/Last_addCat185Pill.mp3,MotherCall,MotherCall/last_addcat185pill,train
MotherCall/Last_addCat266Pill.mp3,MotherCall,MotherCall/last_addcat266pill,train
MotherCall/Last_addCat267Pill.mp3,MotherCall,MotherCall/last_addcat267pill,train
MotherCall/Last_addCat268Pill.mp3,MotherCall,MotherCall/last_addcat268pill,train
MotherCall/Last_addCat269Pill.mp3,MotherCall,MotherCall/last_addcat269pill,val
MotherCall/Last_addCat270Pill.mp3,MotherCall,MotherCall/last_addcat270pill,val
MotherCall/Last_addCat271Pill.mp3,MotherCall,MotherCall/last_addcat271pill,train
MotherCall/Last_addCat296Pill.mp3,MotherCall,MotherCall/last_addcat296pill,val
MotherCall/Last_addCat297Pill.mp3,MotherCall,MotherCall/last_addcat297pill,train
MotherCall/Last_addCat298Pill.mp3,MotherCall,MotherCall/last_addcat298pill,train
MotherCall/Last_addCat299Pill.mp3,MotherCall,MotherCall/last_addcat299pill,val
MotherCall/Last_addCat300Pill.mp3,MotherCall,MotherCall/last_addcat300pill,train
MotherCall/Last_addCat301Pill.mp3,MotherCall,MotherCall/last_addcat301pill,train
MotherCall/Last_addCat302Pill.mp3,MotherCall,MotherCall/last_addcat302pill,train
MotherCall/Last_addCat309Pill.mp3,MotherCall,MotherCall/last_addcat309pill,val
MotherCall/Last_addCat310Pill.mp3,MotherCall,MotherCall/last_addcat310pill,train
MotherCall/Last_addCat311Pill.mp3,MotherCall,MotherCall/last_addcat311pill,train
MotherCall/Last_addCat312Pill.mp3,MotherCall,MotherCall/last_addcat312pill,train
MotherCall/Last_addCat313Pill.mp3,MotherCall,MotherCall/last_addcat313pill,test
MotherCall/Last_addCat321Pill.mp3,MotherCall,MotherCall/last_addcat321pill,val
MotherCall/Last_addCat322Pill.mp3,MotherCall,MotherCall/last_addcat322pill,test
MotherCall/Last_addCat323Pill.mp3,MotherCall,MotherCall/last_addcat323pill,train
MotherCall/Last_addCat363Pill.mp3,MotherCall,MotherCall/last_addcat363pill,train
MotherCall/Online_Cat0399Pill.mp3,MotherCall,MotherCall/online_cat0399pill,test
MotherCall/Online_Cat0412pil.mp3,MotherCall,MotherCall/online_cat0412pil,test
MotherCall/Online_Cat0447Pil.mp3,MotherCall,MotherCall/online_cat0447pil,train
MotherCall/Online_Cat0448Pil.mp3,MotherCall,MotherCall/online_cat0448pil,val
MotherCall/Online_Cat0485Pil.mp3,MotherCall,MotherCall/online_cat0485pil,test
MotherCall/Online_Cat0487Pil.mp3,MotherCall,MotherCall/online_cat0487pil,train
MotherCall/Online_Cat0488Pil.mp3,MotherCall,MotherCall/online_cat0488pil,train
MotherCall/Online_Cat0489Pill.mp3,MotherCall,MotherCall/online_cat0489pill,train
MotherCall/Online_Cat0490Pill.mp3,MotherCall,MotherCall/online_cat0490pill,train
MotherCall/Online_Cat0491Pill.mp3,MotherCall,MotherCall/online_cat0491pill,train
MotherCall/Online_Cat0492Pill.mp3,MotherCall,MotherCall/online_cat0492pill,train
MotherCall/Online_Cat0510Pill.mp3,MotherCall,MotherCall/online_cat0510pill,train
MotherCall/cat01.mp3,MotherCall,MotherCall/cat01,train
MotherCall/cat010.mp3,MotherCall,MotherCall/cat010,train
MotherCall/cat011.mp3,MotherCall,MotherCall/cat011,val
MotherCall/cat012.mp3,MotherCall,MotherCall/cat012,train
MotherCall/cat013.mp3,MotherCall,MotherCall/cat013,test
MotherCall/cat014.mp3,MotherCall,MotherCall/cat014,train
MotherCall/cat015.mp3,MotherCall,MotherCall/cat015,test
MotherCall/cat017.mp3,MotherCall,MotherCall/cat017,train
MotherCall/cat019.mp3,MotherCall,MotherCall/cat019,train
MotherCall/cat02.mp3,MotherCall,MotherCall/cat02,train
MotherCall/cat020.mp3,MotherCall,MotherCall/cat020,train
MotherCall/cat021.mp3,MotherCall,MotherCall/cat021,train
MotherCall/cat022.mp3,MotherCall,MotherCall/cat022,train
MotherCall/cat023.mp3,MotherCall,MotherCall/cat023,train
MotherCall/cat024.mp3,MotherCall,MotherCall/cat024,test
MotherCall/cat025.mp3,MotherCall,MotherCall/cat025,train
MotherCall/cat026.mp3,MotherCall,MotherCall/cat026,train
MotherCall/cat027.mp3,MotherCall,MotherCall/cat027,train
MotherCall/cat028.mp3,MotherCall,MotherCall/cat028,train
MotherCall/cat03.mp3,MotherCall,MotherCall/cat03,train
MotherCall/cat030.mp3,MotherCall,MotherCall/cat030,train
MotherCall/cat031.mp3,MotherCall,MotherCall/cat031,train
MotherCall/cat032.mp3,MotherCall,MotherCall/cat032,train
MotherCall/cat04.mp3,MotherCall,MotherCall/cat04,test
MotherCall/cat05.mp3,MotherCall,MotherCall/cat05,train
MotherCall/cat06.mp3,MotherCall,MotherCall/cat06,train
MotherCall/cat_19.mp3,MotherCall,MotherCall/cat_19,val
MotherCall/cat_coll0125.mp3,MotherCall,MotherCall/cat_coll0125,val
MotherCall/cat_coll0136.mp3,MotherCall,MotherCall/cat_coll0136,train
MotherCall/cat_coll0137.mp3,MotherCall,MotherCall/cat_coll0137,train
MotherCall/cat_coll0140.mp3,MotherCall,MotherCall/cat_coll0140,train
MotherCall/cat_coll0141.mp3,MotherCall,MotherCall/cat_coll0141,train
MotherCall/cat_coll0142.mp3,MotherCall,MotherCall/cat_coll0142,test
MotherCall/cat_coll01813.mp3,MotherCall,MotherCall/cat_coll01813,train
MotherCall/cat_coll01814.mp3,MotherCall,MotherCall/cat_coll01814,train
MotherCall/cat_coll01816.mp3,MotherCall,MotherCall/cat_coll01816,train
MotherCall/cat_coll01818.mp3,MotherCall,MotherCall/cat_coll01818,test
MotherCall/cat_coll01819.mp3,MotherCall,MotherCall/cat_coll01819,train
MotherCall/cat_coll0183.mp3,MotherCall,MotherCall/cat_coll0183,train
MotherCall/cat_coll0184.mp3,MotherCall,MotherCall/cat_coll0184,train
MotherCall/cat_coll0185.mp3,MotherCall,MotherCall/cat_coll0185,train
MotherCall/cat_coll0186.mp3,MotherCall,MotherCall/cat_coll0186,train
MotherCall/cat_edit03023pill.mp3,MotherCall,MotherCall/cat_edit03023pill,train
MotherCall/cat_flickr01293.mp3,MotherCall,MotherCall/cat_flickr01293,test
MotherCall/cat_flickr01296.mp3,MotherCall,MotherCall/cat_flickr01296,val
MotherCall/cat_flickr01297.mp3,MotherCall,MotherCall/cat_flickr01297,test
MotherCall/cat_flickr01298.mp3,MotherCall,MotherCall/cat_flickr01298,train
MotherCall/cat_flickr01299.mp3,MotherCall,MotherCall/cat_flickr01299,train
MotherCall/cat_flickr01300.mp3,MotherCall,MotherCall/cat_flickr01300,val
MotherCall/cat_flickr0184.mp3,MotherCall,MotherCall/cat_flickr0184,train
MotherCall/cat_flickr0185 (2).mp3,MotherCall,MotherCall/cat_flickr0185,train
MotherCall/cat_flickr0185.mp3,MotherCall,MotherCall/cat_flickr0185,train
MotherCall/cat_flickr0186.mp3,MotherCall,MotherCall/cat_flickr0186,train
MotherCall/cat_youtube01101.mp3,MotherCall,MotherCall/cat_youtube01101,train
MotherCall/cat_youtube01218.mp3,MotherCall,MotherCall/cat_youtube01218,val
MotherCall/cat_youtube01219.mp3,MotherCall,MotherCall/cat_youtube01219,train
MotherCall/cat_youtube01220.mp3,MotherCall,MotherCall/cat_youtube01220,test
MotherCall/cat_youtube01221.mp3,MotherCall,MotherCall/cat_youtube01221,train
MotherCall/cat_youtube01222.mp3,MotherCall,MotherCall/cat_youtube01222,train
MotherCall/cat_youtube01224.mp3,MotherCall,MotherCall/cat_youtube01224,train
MotherCall/cat_youtube01225.mp3,MotherCall,MotherCall/cat_youtube01225,train
MotherCall/cat_youtube01226.mp3,MotherCall,MotherCall/cat_youtube01226,train
MotherCall/cat_youtube01227.mp3,MotherCall,MotherCall/cat_youtube01227,val
MotherCall/cat_youtube01228.mp3,MotherCall,MotherCall/cat_youtube01228,train
MotherCall/cat_youtube01229.mp3,MotherCall,MotherCall/cat_youtube01229,train
MotherCall/cat_youtube01230.mp3,MotherCall,MotherCall/cat_youtube01230,train
MotherCall/cat_youtube01231.mp3,MotherCall,MotherCall/cat_youtube01231,train
MotherCall/cat_youtube01232.mp3,MotherCall,MotherCall/cat_youtube01232,train
MotherCall/cat_youtube01233.mp3,MotherCall,MotherCall/cat_youtube01233,train
MotherCall/cat_youtube01234.mp3,MotherCall,MotherCall/cat_youtube01234,val
MotherCall/cat_youtube01235 (2).mp3,MotherCall,MotherCall/cat_youtube01235,train
MotherCall/cat_youtube01235.mp3,MotherCall,MotherCall/cat_youtube01235,train
MotherCall/cat_youtube01240.mp3,MotherCall,MotherCall/cat_youtube01240,train
MotherCall/cat_youtube01244.mp3,MotherCall,MotherCall/cat_youtube01244,train
MotherCall/cat_youtube01245.mp3,MotherCall,MotherCall/cat_youtube01245,train
MotherCall/cat_youtube01246.mp3,MotherCall,MotherCall/cat_youtube01246,train
MotherCall/cat_youtube01247.mp3,MotherCall,MotherCall/cat_youtube01247,train
MotherCall/cat_youtube01248.mp3,MotherCall,MotherCall/cat_youtube01248,train
Paining/Cat meow (4).mp3,Paining,Paining/cat meow,train
Paining/Cat meow animals021.mp3,Paining,Paining/cat meow animals021,test
Paining/Cat_YoutubeLLT42325(1).mp3,Paining,Paining/cat_youtubellt42325,test
Paining/Cat_YoutubeLLT42326.mp3,Paining,Paining/cat_youtubellt42326,train
Paining/Cat_YoutubeLLT42327.mp3,Paining,Paining/cat_youtubellt42327,train
Paining/Cat_YoutubeLLT42339.mp3,Paining,Paining/cat_youtubellt42339,train
Paining/Cat_YoutubeLLT42340.mp3,Paining,Paining/cat_youtubellt42340,val
Paining/Cat_YoutubeLLT42341.mp3,Paining,Paining/cat_youtubellt42341,train
Paining/Cat_YoutubeLLT42342.mp3,Paining,Paining/cat_youtubellt42342,test
Paining/Cat_YoutubeLLT42343(1).mp3,Paining,Paining/cat_youtubellt42343,train
Paining/Cat_YoutubeLLT42344.mp3,Paining,Paining/cat_youtubellt42344,train
Paining/Cat_YoutubeLLT42348.mp3,Paining,Paining/cat_youtubellt42348,test
Paining/Cat_YoutubeLLT42349.mp3,Paining,Paining/cat_youtubellt42349,train
Paining/Cat_YoutubeLLT42351(1).mp3,Paining,Paining/cat_youtubellt42351,train
Paining/Cat_YoutubeLLT42352.mp3,Paining,Paining/cat_youtubellt42352,train
Paining/Cat_YoutubeLLT42353.mp3,Paining,Paining/cat_youtubellt42353,train
Paining/Cat_YoutubeLLT42354.mp3,Paining,Paining/cat_youtubellt42354,train
Paining/Cat_YoutubeLLT42355(1).mp3,Paining,Paining/cat_youtubellt42355,train
Paining/Cat_YoutubeLLT42367(1).mp3,Paining,Paining/cat_youtubellt42367,train
Paining/Cat_YoutubeLLT42368.mp3,Paining,Paining/cat_youtubellt42368,train
Paining/Cat_YoutubeLLT42369(1).mp3,Paining,Paining/cat_youtubellt42369,test
Paining/Cat_YoutubeLLT42370.mp3,Paining,Paining/cat_youtubellt42370,train
Paining/Cat_YoutubeLLT42371(1).mp3,Paining,Paining/cat_youtubellt42371,train
Paining/Cat_YoutubeLLT42372(1).mp3,Paining,Paining/cat_youtubellt42372,train
Paining/Cat_YoutubeLLT42373(1).mp3,Paining,Paining/cat_youtubellt42373,train
Paining/Cat_YoutubeLLT42374.mp3,Paining,Paining/cat_youtubellt42374,test
Paining/Cat_YoutubeLLT42375(1).mp3,Paining,Paining/cat_youtubellt42375,val
Paining/Cat_YoutubeLLT42376.mp3,Paining,Paining/cat_youtubellt42376,train
Paining/Cat_YoutubeLLT42378.mp3,Paining,Paining/cat_youtubellt42378,train
Paining/Cat_YoutubeLLT42380.mp3,Paining,Paining/cat_youtubellt42380,train
Paining/Cat_YoutubeLLT42381.mp3,Paining,Paining/cat_youtubellt42381,train
Paining/Cat_YoutubeLLT42382.mp3,Paining,Paining/cat_youtubellt42382,train
Paining/Cat_YoutubeLLT42383.mp3,Paining,Paining/cat_youtubellt42383,train
Paining/Cat_YoutubeLLT42384.mp3,Paining,Paining/cat_youtubellt42384,train
Paining/Cat_YoutubeLLT42385.mp3,Paining,Paining/cat_youtubellt42385,test
Paining/Cat_YoutubeLLT42386.mp3,Paining,Paining/cat_youtubellt42386,test
Paining/Cat_YoutubeLLT42387.mp3,Paining,Paining/cat_youtubellt42387,train
Paining/Cat_YoutubeLLT42388.mp3,Paining,Paining/cat_youtubellt42388,train
Paining/Cat_YoutubeLLT42390.mp3,Paining,Paining/cat_youtubellt42390,test
Paining/Cat_YoutubeLLT42450.mp3,Paining,Paining/cat_youtubellt42450,train
Paining/Cat_YoutubeLLT42451.mp3,Paining,Paining/cat_youtubellt42451,train
Paining/Cat_YoutubeLLT42452.mp3,Paining,Paining/cat_youtubellt42452,val
Paining/Cat_YoutubeLLT42453 (2)(1).mp3,Paining,Paining/cat_youtubellt42453 (2),test
Paining/Cat_YoutubeLLT42453.mp3,Paining,Paining/cat_youtubellt42453,train
Paining/Cat_YoutubeLLT42454.mp3,Paining,Paining/cat_youtubellt42454,train
Paining/Cat_YoutubeLLT42455.mp3,Paining,Paining/cat_youtubellt42455,train
Paining/Cat_YoutubeLLT42456.mp3,Paining,Paining/cat_youtubellt42456,val
Paining/Cat_YoutubeLLT42457.mp3,Paining,Paining/cat_youtubellt42457,train
Paining/Cat_YoutubeLLT42458.mp3,Paining,Paining/cat_youtubellt42458,train
Paining/Edit9006Hlp.mp3,Paining,Paining/edit9006hlp,train
Paining/Edit9007Hlp.mp3,Paining,Paining/edit9007hlp,test
Paining/Edit9008Hlp.mp3,Paining,Paining/edit9008hlp,test
Paining/Edit9088Hlp(1).mp3,Paining,Paining/edit9088hlp,train
Paining/Edit9089Hlp.mp3,Paining,Paining/edit9089hlp,val
Paining/Edit9094Hlp.mp3,Paining,Paining/edit9094hlp,train
Paining/Edit9098Hlp.mp3,Paining,Paining/edit9098hlp,val
Paining/LastEntry_cat1015Hlp.mp3,Paining,Paining/lastentry_cat1015hlp,train
Paining/LastEntry_cat1016Hlp.mp3,Paining,Paining/lastentry_cat1016hlp,train
Paining/LastEntry_cat1037Hlp.mp3,Paining,Paining/lastentry_cat1037hlp,train
Paining/LastEntry_cat1038Hlp.mp3,Paining,Paining/lastentry_cat1038hlp,train
Paining/LastEntry_cat1039Hlp.mp3,Paining,Paining/lastentry_cat1039hlp,train
Paining/LastEntry_cat1040Hlp.mp3,Paining,Paining/lastentry_cat1040hlp,train
Paining/LastEntry_cat1041Hlp.mp3,Paining,Paining/lastentry_cat1041hlp,train
Paining/LastEntry_cat1042Hlp.mp3,Paining,Paining/lastentry_cat1042hlp,train
Paining/LastEntry_cat1281Hlp.mp3,Paining,Paining/lastentry_cat1281hlp,test
Paining/LastEntry_cat1282Hlp.mp3,Paining,Paining/lastentry_cat1282hlp,train
Paining/LastEntry_cat1282Hpy.mp3,Paining,Paining/lastentry_cat1282hpy,train
Paining/LastEntry_cat1283Hpy.mp3,Paining,Paining/lastentry_cat1283hpy,train
Paining/LastEntry_cat1284Hpy.mp3,Paining,Paining/lastentry_cat1284hpy,train
Paining/LastEntry_cat1285Hpy.mp3,Paining,Paining/lastentry_cat1285hpy,train
Paining/Last_addCat129561Res.mp3,Paining,Paining/last_addcat129561res,val
Paining/Last_addCat129562Res.mp3,Paining,Paining/last_addcat129562res,train
Paining/Last_addCat129563Res (2).mp3,Paining,Paining/last_addcat129563res,train
Paining/Last_addCat129563Res.mp3,Paining,Paining/last_addcat129563res,test
Paining/Last_addCat129564Res.mp3,Paining,Paining/last_addcat129564res,train
Paining/Last_addCat129565Res.mp3,Paining,Paining/last_addcat129565res,val
Paining/Last_addCat129566Res.mp3,Paining,Paining/last_addcat129566res,val
Paining/Last_addCat129567Res.mp3,Paining,Paining/last_addcat129567res,train
Paining/Last_addCat129568Res.mp3,Paining,Paining/last_addcat129568res,train
Paining/Last_addCat129569Res (2).mp3,Paining,Paining/last_addcat129569res,train
Paining/Last_addCat129569Res.mp3,Paining,Paining/last_addcat129569res,train
Paining/Last_addCat129570Res.mp3,Paining,Paining/last_addcat129570res,train
Paining/Last_addCat129571Res.mp3,Paining,Paining/last_addcat129571res,train
Paining/Last_addCat129572Res.mp3,Paining,Paining/last_addcat129572res,val
Paining/Last_addCat129573Res.mp3,Paining,Paining/last_addcat129573res,val
Paining/Last_addCat129574Res.mp3,Paining,Paining/last_addcat129574res,train
Paining/Last_addCat129575Res.mp3,Paining,Paining/last_addcat129575res,train
Paining/Last_addCat129576Res.mp3,Paining,Paining/last_addcat129576res,train
Paining/Last_addCat129577Res.mp3,Paining,Paining/last_addcat129577res,val
Paining/Last_addCat129578Res.mp3,Paining,Paining/last_addcat129578res,test
Paining/Last_addCat129579Res.mp3,Paining,Paining/last_addcat129579res,train
Paining/Last_addCat129580Res.mp3,Paining,Paining/last_addcat129580res,train
Paining/Last_addCat129581Res.mp3,Paining,Paining/last_addcat129581res,test
Paining/Last_addCat129582Res.mp3,Paining,Paining/last_addcat129582res,test
Paining/Last_addCat129583Res.mp3,Paining,Paining/last_addcat129583res,test
Paining/Last_addCat129584Res.mp3,Paining,Paining/last_addcat129584res,train
Paining/Last_addCat129585Res.mp3,Paining,Paining/last_addcat129585res,train
Paining/Last_addCat129586Res.mp3,Paining,Paining/last_addcat129586res,train
Paining/Last_addCat129587Res.mp3,Paining,Paining/last_addcat129587res,train
Paining/Last_addCat129588Res.mp3,Paining,Paining/last_addcat129588res,train
Paining/Last_addCat129589Res.mp3,Paining,Paining/last_addcat129589res,train
Paining/Last_addCat129590Res.mp3,Paining,Paining/last_addcat129590res,val
Paining/Last_addCat274Hpy.mp3,Paining,Paining/last_addcat274hpy,train
Paining/Online_Cat0303Help.mp3,Paining,Paining/online_cat0303help,train
Paining/Online_Cat0304Help (2).mp3,Paining,Paining/online_cat0304help,train
Paining/Online_Cat0304Help.mp3,Paining,Paining/online_cat0304help,val
Paining/Online_Cat0305Help.mp3,Paining,Paining/online_cat0305help,val
Paining/Online_Cat0306.mp3,Paining,Paining/online_cat0306,val
Paining/Online_Cat0307 (2).mp3,Paining,Paining/online_cat0307,train
Paining/Online_Cat0307.mp3,Paining,Paining/online_cat0307,test
Paining/Online_Cat0314hpy.mp3,Paining,Paining/online_cat0314hpy,train
Paining/Online_Cat0315hpy.mp3,Paining,Paining/online_cat0315hpy,train
Paining/Online_Cat0320hpy.mp3,Paining,Paining/online_cat0320hpy,train
Paining/Online_Cat0325help.mp3,Paining,Paining/online_cat0325help,train
Paining/Online_Cat0325hpy.mp3,Paining,Paining/online_cat0325hpy,train
Paining/Online_Cat0327help.mp3,Paining,Paining/online_cat0327help,train
Paining/Online_Cat0328hlp.mp3,Paining,Paining/online_cat0328hlp,val
Paining/Online_Cat0329hlp(1).mp3,Paining,Paining/online_cat0329hlp,val
Paining/Online_Cat0329hpy (2).mp3,Paining,Paining/online_cat0329hpy,test
Paining/Online_Cat0336hlp.mp3,Paining,Paining/online_cat0336hlp,test
Paining/Online_Cat0353hlp.mp3,Paining,Paining/online_cat0353hlp,train
Paining/Online_Cat0355hlp.mp3,Paining,Paining/online_cat0355hlp,train
Paining/Online_Cat0358hpy.mp3,Paining,Paining/online_cat0358hpy,val
Paining/Online_Cat0381Hlp.mp3,Paining,Paining/online_cat0381hlp,val
Paining/Online_Cat0384hpy.mp3,Paining,Paining/online_cat0384hpy,train
Paining/Online_Cat0385hlp.mp3,Paining,Paining/online_cat0385hlp,train
Paining/Online_Cat0390Hlp.mp3,Paining,Paining/online_cat0390hlp,train
Paining/Online_Cat0416hlp.mp3,Paining,Paining/online_cat0416hlp,train
Paining/Online_Cat0417hlp.mp3,Paining,Paining/online_cat0417hlp,test
Paining/Online_Cat0465hpy.mp3,Paining,Paining/online_cat0465hpy,train
Paining/Online_Cat0468Hlp.mp3,Paining,Paining/online_cat0468hlp,train
Paining/Online_Cat0471Hlp.mp3,Paining,Paining/online_cat0471hlp,val
Paining/Online_Cat0473Hpy.mp3,Paining,Paining/online_cat0473hpy,test
Paining/Online_Cat0475Hpy.mp3,Paining,Paining/online_cat0475hpy,train
Paining/Online_Cat0480hpy.mp3,Paining,Paining/online_cat0480hpy,train
Paining/Online_Cat0486Pil.mp3,Paining,Paining/online_cat0486pil,val
Paining/Online_Cat0493Hlp.mp3,Paining,Paining/online_cat0493hlp,test
Paining/Online_Cat0501Hlp.mp3,Paining,Paining/online_cat0501hlp,train
Paining/Online_Cat0508Hlp.mp3,Paining,Paining/online_cat0508hlp,train
Paining/Online_Cat0511Hlp.mp3,Paining,Paining/online_cat0511hlp,train
Paining/Online_Cat0515Hlp.mp3,Paining,Paining/online_cat0515hlp,val
Paining/Online_Cat0518Hlp.mp3,Paining,Paining/online_cat0518hlp,train
Paining/Online_Cat0519Hpy.mp3,Paining,Paining/online_cat0519hpy,test
Paining/Online_Cat0521Hlp.mp3,Paining,Paining/online_cat0521hlp,test
Paining/Online_Cat0538Hlp.mp3,Paining,Paining/online_cat0538hlp,train
Paining/Online_Cat0544Hlp.mp3,Paining,Paining/online_cat0544hlp,test
Paining/Online_Cat0547Hpy.mp3,Paining,Paining/online_cat0547hpy,train
Paining/Online_Cat0548Help.mp3,Paining,Paining/online_cat0548help,train
Paining/Online_Cat0549Pill.mp3,Paining,Paining/online_cat0549pill,train
Paining/YASH_LLT_Help3001.mp3,Paining,Paining/yash_llt_help3001,test
Paining/YASH_LLT_Help3002.mp3,Paining,Paining/yash_llt_help3002,train
Paining/YASH_LLT_Help3003 (2).mp3,Paining,Paining/yash_llt_help3003,train
Paining/YASH_LLT_Help3005 (2).mp3,Paining,Paining/yash_llt_help3005,val
Paining/YASH_LLT_Help3005.mp3,Paining,Paining/yash_llt_help3005,val
Paining/YASH_LLT_Help3007.mp3,Paining,Paining/yash_llt_help3007,train
Paining/YASH_LLT_Help3008.mp3,Paining,Paining/yash_llt_help3008,val
Paining/YASH_LLT_Help3009.mp3,Paining,Paining/yash_llt_help3009,val
Paining/YASH_LLT_Help3010.mp3,Paining,Paining/yash_llt_help3010,test
Paining/a1.mp3,Paining,Paining/a1,test
Paining/angry2.mp3,Paining,Paining/angry2,train
Paining/car_extcoll0146.mp3,Paining,Paining/car_extcoll0146,train
Paining/car_extcoll0147.mp3,Paining,Paining/car_extcoll0147,train
Paining/car_extcoll0148.mp3,Paining,Paining/car_extcoll0148,train
Paining/car_extcoll0163.mp3,Paining,Paining/car_extcoll0163,val
Paining/car_extcoll0187.mp3,Paining,Paining/car_extcoll0187,train
Paining/car_extcoll0188.mp3,Paining,Paining/car_extcoll0188,train
Paining/car_extcoll0223.mp3,Paining,Paining/car_extcoll0223,train
Paining/car_extcoll0229.mp3,Paining,Paining/car_extcoll0229,train
Paining/car_extcoll0247.mp3,Paining,Paining/car_extcoll0247,train
Paining/car_extcoll0336.mp3,Paining,Paining/car_extcoll0336,val
Paining/car_extcoll0337.mp3,Paining,Paining/car_extcoll0337,train
Paining/car_extcoll0338.mp3,Paining,Paining/car_extcoll0338,val
Paining/car_extcoll0339.mp3,Paining,Paining/car_extcoll0339,test
Paining/car_extcoll0340.mp3,Paining,Paining/car_extcoll0340,train
Paining/car_extcoll0341.mp3,Paining,Paining/car_extcoll0341,train
Paining/car_extcoll0342.mp3,Paining,Paining/car_extcoll0342,train
Paining/car_extcoll0343.mp3,Paining,Paining/car_extcoll0343,test
Paining/car_extcoll0344.mp3,Paining,Paining/car_extcoll0344,train
Paining/car_extcoll0345.mp3,Paining,Paining/car_extcoll0345,train
Paining/car_extcoll0346.mp3,Paining,Paining/car_extcoll0346,train
Paining/car_extcoll0347.mp3,Paining,Paining/car_extcoll0347,train
Paining/car_extcoll0348.mp3,Paining,Paining/car_extcoll0348,train
Paining/car_extcoll0349.mp3,Paining,Paining/car_extcoll0349,train
Paining/car_extcoll0350.mp3,Paining,Paining/car_extcoll0350,val
Paining/car_extcoll0351.mp3,Paining,Paining/car_extcoll0351,train
Paining/car_extcoll0352.mp3,Paining,Paining/car_extcoll0352,train
Paining/car_extcoll0353.mp3,Paining,Paining/car_extcoll0353,train
Paining/cat01.mp3,Paining,Paining/cat01,train
Paining/cat016.mp3,Paining,Paining/cat016,test
Paining/cat018.mp3,Paining,Paining/cat018,train
Paining/cat02.mp3,Paining,Paining/cat02,val
Paining/cat03.mp3,Paining,Paining/cat03,train
Paining/cat04.mp3,Paining,Paining/cat04,train
Paining/cat05.mp3,Paining,Paining/cat05,train
Paining/cat06.mp3,Paining,Paining/cat06,train
Paining/cat07.mp3,Paining,Paining/cat07,test
Paining/cat08.mp3,Paining,Paining/cat08,train
Paining/cat09.mp3,Paining,Paining/cat09,train
Paining/cat10.mp3,Paining,Paining/cat10,test
Paining/cat11.mp3,Paining,Paining/cat11,train
Paining/cat12.mp3,Paining,Paining/cat12,train
Paining/cat13.mp3,Paining,Paining/cat13,train
Paining/cat14.mp3,Paining,Paining/cat14,test
Paining/cat15.mp3,Paining,Paining/cat15,train
Paining/cat16.mp3,Paining,Paining/cat16,train
Paining/cat17.mp3,Paining,Paining/cat17,train
Paining/cat18.mp3,Paining,Paining/cat18,train
Paining/cat19.mp3,Paining,Paining/cat19,train
Paining/cat20.mp3,Paining,Paining/cat20,train
Paining/cat21.mp3,Paining,Paining/cat21,train
Paining/cat_149.mp3,Paining,Paining/cat_149,train
Paining/cat_coll01417.mp3,Paining,Paining/cat_coll01417,train
Paining/cat_coll0147.mp3,Paining,Paining/cat_coll0147,test
Paining/cat_coll0148.mp3,Paining,Paining/cat_coll0148,train
Paining/cat_coll0149.mp3,Paining,Paining/cat_coll0149,train
Paining/cat_coll0150.mp3,Paining,Paining/cat_coll0150,train
Paining/cat_coll0151.mp3,Paining,Paining/cat_coll0151,train
Paining/cat_coll0152.mp3,Paining,Paining/cat_coll0152,train
Paining/cat_coll0153.mp3,Paining,Paining/cat_coll0153,test
Paining/cat_coll0154.mp3,Paining,Paining/cat_coll0154,train
Paining/cat_coll0155.mp3,Paining,Paining/cat_coll0155,test
Paining/cat_coll0156.mp3,Paining,Paining/cat_coll0156,train
Paining/cat_coll0157.mp3,Paining,Paining/cat_coll0157,train
Paining/cat_coll0160.mp3,Paining,Paining/cat_coll0160,val
Paining/cat_coll0164.mp3,Paining,Paining/cat_coll0164,train
Paining/cat_coll0165.mp3,Paining,Paining/cat_coll0165,train
Paining/cat_coll0166.mp3,Paining,Paining/cat_coll0166,train
Paining/cat_coll0167.mp3,Paining,Paining/cat_coll0167,val
Paining/cat_coll0168.mp3,Paining,Paining/cat_coll0168,train
Paining/cat_coll0169.mp3,Paining,Paining/cat_coll0169,train
Paining/cat_coll0170.mp3,Paining,Paining/cat_coll0170,test
Paining/cat_coll0171.mp3,Paining,Paining/cat_coll0171,train
Paining/cat_coll0172.mp3,Paining,Paining/cat_coll0172,train
Paining/cat_coll0173.mp3,Paining,Paining/cat_coll0173,train
Paining/cat_coll0174.mp3,Paining,Paining/cat_coll0174,train
Paining/cat_coll0175.mp3,Paining,Paining/cat_coll0175,val
Paining/cat_coll0176.mp3,Paining,Paining/cat_coll0176,train
Paining/cat_coll0177.mp3,Paining,Paining/cat_coll0177,val
Paining/cat_coll0178.mp3,Paining,Paining/cat_coll0178,test
Paining/cat_coll0179.mp3,Paining,Paining/cat_coll0179,train
Paining/cat_flickr0118.mp3,Paining,Paining/cat_flickr0118,train
Paining/cat_flickr0119.mp3,Paining,Paining/cat_flickr0119,train
Paining/cat_flickr01294.mp3,Paining,Paining/cat_flickr01294,train
Paining/cat_flickr01295.mp3,Paining,Paining/cat_flickr01295,train
Paining/cat_flickr01301.mp3,Paining,Paining/cat_flickr01301,train
Paining/cat_flickr0183.mp3,Paining,Paining/cat_flickr0183,train
Paining/cat_flickr0189.mp3,Paining,Paining/cat_flickr0189,train
Paining/cat_flickr0190.mp3,Paining,Paining/cat_flickr0190,val
Paining/cat_flickr0191.mp3,Paining,Paining/cat_flickr0191,train
Paining/cat_flickr0192.mp3,Paining,Paining/cat_flickr0192,train
Paining/cat_flickr0193.mp3,Paining,Paining/cat_flickr0193,train
Paining/cat_flickr0194.mp3,Paining,Paining/cat_flickr0194,train
Paining/cat_flickr0195.mp3,Paining,Paining/cat_flickr0195,train
Paining/cat_flickr0196.mp3,Paining,Paining/cat_flickr0196,train
Paining/cat_flickr0197.mp3,Paining,Paining/cat_flickr0197,train
Paining/cat_flickr0198.mp3,Paining,Paining/cat_flickr0198,train
Paining/cat_flickr0199.mp3,Paining,Paining/cat_flickr0199,train
Paining/cat_youtube01107.mp3,Paining,Paining/cat_youtube01107,val
Paining/cat_youtube01108.mp3,Paining,Paining/cat_youtube01108,train
Paining/cat_youtube01109 (2).mp3,Paining,Paining/cat_youtube01109,test
Paining/cat_youtube01109(1).mp3,Paining,Paining/cat_youtube01109,train
Paining/cat_youtube01110.mp3,Paining,Paining/cat_youtube01110,train
Paining/cat_youtube01111.mp3,Paining,Paining/cat_youtube01111,train
Paining/cat_youtube01198.mp3,Paining,Paining/cat_youtube01198,val
Paining/cat_youtube01199.mp3,Paining,Paining/cat_youtube01199,val
Paining/cat_youtube01200.mp3,Paining,Paining/cat_youtube01200,train
Paining/cat_youtube01201.mp3,Paining,Paining/cat_youtube01201,test
Paining/cat_youtube01202.mp3,Paining,Paining/cat_youtube01202,train
Paining/cat_youtube01203.mp3,Paining,Paining/cat_youtube01203,train
Paining/cat_youtube01204.mp3,Paining,Paining/cat_youtube01204,train
Paining/cat_youtube01205.mp3,Paining,Paining/cat_youtube01205,train
Paining/cat_youtube01206.mp3,Paining,Paining/cat_youtube01206,val
Paining/cat_youtube01207.mp3,Paining,Paining/cat_youtube01207,train
Paining/cat_youtube01208(1).mp3,Paining,Paining/cat_youtube01208,train
Paining/cat_youtube01209.mp3,Paining,Paining/cat_youtube01209,train
Paining/cat_youtube01210.mp3,Paining,Paining/cat_youtube01210,train
Paining/cat_youtube01211.mp3,Paining,Paining/cat_youtube01211,train
Paining/cat_youtube01212.mp3,Paining,Paining/cat_youtube01212,train
Paining/cat_youtube01213.mp3,Paining,Paining/cat_youtube01213,train
Paining/cat_youtube01214(1).mp3,Paining,Paining/cat_youtube01214,train
Paining/cat_youtube01215.mp3,Paining,Paining/cat_youtube01215,train
Paining/cat_youtube01216.mp3,Paining,Paining/cat_youtube01216,train
Paining/cat_youtube01217.mp3,Paining,Paining/cat_youtube01217,train
Paining/cat_youtube01241.mp3,Paining,Paining/cat_youtube01241,train
Paining/cat_youtube01242.mp3,Paining,Paining/cat_youtube01242,val
Paining/cat_youtube01249.mp3,Paining,Paining/cat_youtube01249,train
Paining/cat_youtube01250.mp3,Paining,Paining/cat_youtube01250,val
Resting/LastEntry_cat1027Purr.mp3,Resting,Resting/lastentry_cat1027purr,train
Resting/LastEntry_cat1028Purr (2).mp3,Resting,Resting/lastentry_cat1028purr,train
Resting/LastEntry_cat1028Purr.mp3,Resting,Resting/lastentry_cat1028purr,train
Resting/LastEntry_cat1210Purr.mp3,Resting,Resting/lastentry_cat1210purr,train
Resting/LastEntry_cat1211Purr.mp3,Resting,Resting/lastentry_cat1211purr,test
Resting/LastEntry_cat1212Purr (2).mp3,Resting,Resting/lastentry_cat1212purr,train
Resting/LastEntry_cat1212Purr.mp3,Resting,Resting/lastentry_cat1212purr,test
Resting/LastEntry_cat1213Purr (2).mp3,Resting,Resting/lastentry_cat1213purr,train
Resting/LastEntry_cat1213Purr.mp3,Resting,Resting/lastentry_cat1213purr,train
Resting/LastEntry_cat1214Purr.mp3,Resting,Resting/lastentry_cat1214purr,train
Resting/LastEntry_cat1215Purr.mp3,Resting,Resting/lastentry_cat1215purr,train
Resting/LastEntry_cat1216Purr.mp3,Resting,Resting/lastentry_cat1216purr,val
Resting/LastEntry_cat1217Purr.mp3,Resting,Resting/lastentry_cat1217purr,val
Resting/LastEntry_cat1218Purr (2).mp3,Resting,Resting/lastentry_cat1218purr,val
Resting/LastEntry_cat1218Purr.mp3,Resting,Resting/lastentry_cat1218purr,train
Resting/LastEntry_cat1219Purr.mp3,Resting,Resting/lastentry_cat1219purr,train
Resting/LastEntry_cat1220Purr.mp3,Resting,Resting/lastentry_cat1220purr,train
Resting/LastEntry_cat1221Purr.mp3,Resting,Resting/lastentry_cat1221purr,train
Resting/LastEntry_cat1222Purr.mp3,Resting,Resting/lastentry_cat1222purr,train
Resting/LastEntry_cat1223Purr.mp3,Resting,Resting/lastentry_cat1223purr,val
Resting/LastEntry_cat1224Purr.mp3,Resting,Resting/lastentry_cat1224purr,train
Resting/LastEntry_cat1225Purr.mp3,Resting,Resting/lastentry_cat1225purr,train
Resting/LastEntry_cat1226Purr.mp3,Resting,Resting/lastentry_cat1226purr,train
Resting/LastEntry_cat1227Purr.mp3,Resting,Resting/lastentry_cat1227purr,train
Resting/LastEntry_cat1228Purr.mp3,Resting,Resting/lastentry_cat1228purr,val
Resting/LastEntry_cat1229Purr.mp3,Resting,Resting/lastentry_cat1229purr,train
Resting/LastEntry_cat1230Purr.mp3,Resting,Resting/lastentry_cat1230purr,train
Resting/LastEntry_cat1231Purr (2).mp3,Resting,Resting/lastentry_cat1231purr,train
Resting/LastEntry_cat1231Purr.mp3,Resting,Resting/lastentry_cat1231purr,train
Resting/LastEntry_cat1232Purr.mp3,Resting,Resting/lastentry_cat1232purr,train
Resting/LastEntry_cat1233Purr.mp3,Resting,Resting/lastentry_cat1233purr,val
Resting/LastEntry_cat1234Purr.mp3,Resting,Resting/lastentry_cat1234purr,train
Resting/LastEntry_cat1235Purr.mp3,Resting,Resting/lastentry_cat1235purr,train
Resting/LastEntry_cat1236Purr.mp3,Resting,Resting/lastentry_cat1236purr,train
Resting/LastEntry_cat1237Purr.mp3,Resting,Resting/lastentry_cat1237purr,train
Resting/LastEntry_cat1238Purr.mp3,Resting,Resting/lastentry_cat1238purr,train
Resting/LastEntry_cat1239Purr.mp3,Resting,Resting/lastentry_cat1239purr,train
Resting/LastEntry_cat1240Purr.mp3,Resting,Resting/lastentry_cat1240purr,train
Resting/LastEntry_cat1241Purr.mp3,Resting,Resting/lastentry_cat1241purr,train
Resting/LastEntry_cat1242Purr.mp3,Resting,Resting/lastentry_cat1242purr,val
Resting/LastEntry_cat1243Purr.mp3,Resting,Resting/lastentry_cat1243purr,train
Resting/LastEntry_cat1244Purr.mp3,Resting,Resting/lastentry_cat1244purr,train
Resting/LastEntry_cat1245Purr.mp3,Resting,Resting/lastentry_cat1245purr,test
Resting/LastEntry_cat1246Purr.mp3,Resting,Resting/lastentry_cat1246purr,train
Resting/LastEntry_cat1247Purr.mp3,Resting,Resting/lastentry_cat1247purr,train
Resting/LastEntry_cat1248Purr.mp3,Resting,Resting/lastentry_cat1248purr,train
Resting/LastEntry_cat1249Purr.mp3,Resting,Resting/lastentry_cat1249purr,train
Resting/LastEntry_cat1250Purr.mp3,Resting,Resting/lastentry_cat1250purr,train
Resting/LastEntry_cat1251Purr.mp3,Resting,Resting/lastentry_cat1251purr,train
Resting/LastEntry_cat1252Purr.mp3,Resting,Resting/lastentry_cat1252purr,train
Resting/LastEntry_cat1253Purr.mp3,Resting,Resting/lastentry_cat1253purr,train
Resting/LastEntry_cat1254Purr.mp3,Resting,Resting/lastentry_cat1254purr,test
Resting/LastEntry_cat1255Purr.mp3,Resting,Resting/lastentry_cat1255purr,train
Resting/LastEntry_cat1256Purr.mp3,Resting,Resting/lastentry_cat1256purr,train
Resting/LastEntry_cat1257Purr.mp3,Resting,Resting/lastentry_cat1257purr,train
Resting/LastEntry_cat1258Purr.mp3,Resting,Resting/lastentry_cat1258purr,val
Resting/LastEntry_cat1259Purr.mp3,Resting,Resting/lastentry_cat1259purr,train
Resting/LastEntry_cat1260Purr.mp3,Resting,Resting/lastentry_cat1260purr,test
Resting/LastEntry_cat1261Purr (2).mp3,Resting,Resting/lastentry_cat1261purr,train
Resting/LastEntry_cat1261Purr.mp3,Resting,Resting/lastentry_cat1261purr,test
Resting/Last_addCat303Purr.mp3,Resting,Resting/last_addcat303purr,train
Resting/Last_addCat304Purr.mp3,Resting,Resting/last_addcat304purr,test
Resting/Last_addCat305Purr.mp3,Resting,Resting/last_addcat305purr,test
Resting/Last_addCat306Purr.mp3,Resting,Resting/last_addcat306purr,train
Resting/Last_addCat307Purr.mp3,Resting,Resting/last_addcat307purr,val
Resting/Online_Cat0361purr.mp3,Resting,Resting/online_cat0361purr,train
Resting/Online_Cat0422Purr (2).mp3,Resting,Resting/online_cat0422purr,train
Resting/Online_Cat0422Purr.mp3,Resting,Resting/online_cat0422purr,test
Resting/Online_Cat0423Purr.mp3,Resting,Resting/online_cat0423purr,train
Resting/Online_Cat0424Purr.mp3,Resting,Resting/online_cat0424purr,train
Resting/Online_Cat0425Purr.mp3,Resting,Resting/online_cat0425purr,train
Resting/Online_Cat0426Purr.mp3,Resting,Resting/online_cat0426purr,train
Resting/Online_Cat0427Purr.mp3,Resting,Resting/online_cat0427purr,train
Resting/Online_Cat0428Purr.mp3,Resting,Resting/online_cat0428purr,train
Resting/Online_Cat0429Purr.mp3,Resting,Resting/online_cat0429purr,train
Resting/Online_Cat0430Purr.mp3,Resting,Resting/online_cat0430purr,train
Resting/Online_Cat0431Purr.mp3,Resting,Resting/online_cat0431purr,train
Resting/Online_Cat0432Purr.mp3,Resting,Resting/online_cat0432purr,train
Resting/Online_Cat0433Purr.mp3,Resting,Resting/online_cat0433purr,test
Resting/Online_Cat0434Purr.mp3,Resting,Resting/online_cat0434purr,val
Resting/Online_Cat0435Purr.mp3,Resting,Resting/online_cat0435purr,train
Resting/Online_Cat0474Purr.mp3,Resting,Resting/online_cat0474purr,val
Resting/Online_Cat0524Purr.mp3,Resting,Resting/online_cat0524purr,val
Resting/Online_Cat0533Purr.mp3,Resting,Resting/online_cat0533purr,train
Resting/Online_Cat0534Purr.mp3,Resting,Resting/online_cat0534purr,train
Resting/Online_Cat0535Purr (2).mp3,Resting,Resting/online_cat0535purr,val
Resting/Online_Cat0535Purr.mp3,Resting,Resting/online_cat0535purr,train
Resting/Online_Cat0541Purr.mp3,Resting,Resting/online_cat0541purr,train
Resting/Online_Cat0542Purr.mp3,Resting,Resting/online_cat0542purr,train
Resting/Online_Cat0543Purr.mp3,Resting,Resting/online_cat0543purr,train
Resting/Purr.mp3,Resting,Resting/purr,train
Resting/cat01.mp3,Resting,Resting/cat01,test
Resting/cat010.mp3,Resting,Resting/cat010,train
Resting/cat02.mp3,Resting,Resting/cat02,train
Resting/cat03.mp3,Resting,Resting/cat03,train
Resting/cat04.mp3,Resting,Resting/cat04,test
Resting/cat05.mp3,Resting,Resting/cat05,val
Resting/cat06.mp3,Resting,Resting/cat06,train
Resting/cat07.mp3,Resting,Resting/cat07,test
Resting/cat08.mp3,Resting,Resting/cat08,train
Resting/cat09.mp3,Resting,Resting/cat09,test
Resting/cat10.mp3,Resting,Resting/cat10,train
Resting/cat11.mp3,Resting,Resting/cat11,test
Resting/cat12.mp3,Resting,Resting/cat12,train
Resting/cat13.mp3,Resting,Resting/cat13,train
Resting/cat_coll0106.mp3,Resting,Resting/cat_coll0106,train
Resting/cat_coll0107.mp3,Resting,Resting/cat_coll0107,train
Resting/cat_coll0108.mp3,Resting,Resting/cat_coll0108,train
Resting/cat_coll0109.mp3,Resting,Resting/cat_coll0109,train
Resting/cat_coll0110.mp3,Resting,Resting/cat_coll0110,train
Resting/cat_coll0115.mp3,Resting,Resting/cat_coll0115,train
Resting/cat_coll0116.mp3,Resting,Resting/cat_coll0116,train
Resting/cat_coll0117.mp3,Resting,Resting/cat_coll0117,train
Resting/cat_coll0118.mp3,Resting,Resting/cat_coll0118,train
Resting/cat_coll0124.mp3,Resting,Resting/cat_coll0124,train
Resting/cat_coll0133.mp3,Resting,Resting/cat_coll0133,val
Resting/cat_coll0134.mp3,Resting,Resting/cat_coll0134,train
Resting/cat_flickr01314.mp3,Resting,Resting/cat_flickr01314,train
Resting/cat_flickr01315.mp3,Resting,Resting/cat_flickr01315,train
Resting/cat_flickr01316.mp3,Resting,Resting/cat_flickr01316,test
Resting/cat_flickr01317.mp3,Resting,Resting/cat_flickr01317,train
Resting/cat_flickr01318.mp3,Resting,Resting/cat_flickr01318,train
Resting/cat_flickr01319.mp3,Resting,Resting/cat_flickr01319,train
Resting/cat_flickr01320.mp3,Resting,Resting/cat_flickr01320,test
Resting/cat_flickr01321.mp3,Resting,Resting/cat_flickr01321,train
Resting/cat_flickr01327.mp3,Resting,Resting/cat_flickr01327,train
Resting/cat_flickr01328.mp3,Resting,Resting/cat_flickr01328,train
Resting/cat_flickr01329.mp3,Resting,Resting/cat_flickr01329,test
Resting/cat_flickr01330.mp3,Resting,Resting/cat_flickr01330,train
Resting/cat_flickr01331.mp3,Resting,Resting/cat_flickr01331,val
Resting/cat_flickr01332.mp3,Resting,Resting/cat_flickr01332,train
Resting/cat_flickr01333.mp3,Resting,Resting/cat_flickr01333,train
Resting/cat_flickr01371.mp3,Resting,Resting/cat_flickr01371,test
Resting/cat_flickr01372.mp3,Resting,Resting/cat_flickr01372,train
Resting/cat_flickr01373.mp3,Resting,Resting/cat_flickr01373,train
Resting/cat_flickr01374.mp3,Resting,Resting/cat_flickr01374,train
Resting/cat_flickr01375 (5).mp3,Resting,Resting/cat_flickr01375,train
Resting/cat_flickr01375.mp3,Resting,Resting/cat_flickr01375,val
Resting/cat_flickr01376 (2).mp3,Resting,Resting/cat_flickr01376,train
Resting/cat_flickr01376.mp3,Resting,Resting/cat_flickr01376,train
Resting/cat_flickr01377.mp3,Resting,Resting/cat_flickr01377,test
Resting/cat_flickr01378.mp3,Resting,Resting/cat_flickr01378,train
Resting/cat_flickr01379.mp3,Resting,Resting/cat_flickr01379,train
Resting/cat_flickr01381 (3).mp3,Resting,Resting/cat_flickr01381,train
Resting/cat_flickr01382.mp3,Resting,Resting/cat_flickr01382,train
Resting/cat_flickr01383.mp3,Resting,Resting/cat_flickr01383,val
Resting/cat_flickr01384.mp3,Resting,Resting/cat_flickr01384,train
Resting/cat_flickr01385.mp3,Resting,Resting/cat_flickr01385,train
Resting/cat_flickr01386 (2).mp3,Resting,Resting/cat_flickr01386,val
Resting/cat_flickr01386.mp3,Resting,Resting/cat_flickr01386,train
Resting/cat_flickr01387.mp3,Resting,Resting/cat_flickr01387,test
Resting/cat_flickr01388.mp3,Resting,Resting/cat_flickr01388,train
Resting/cat_flickr01389.mp3,Resting,Resting/cat_flickr01389,train
Resting/cat_flickr01390.mp3,Resting,Resting/cat_flickr01390,train
Resting/cat_flickr01391 (2).mp3,Resting,Resting/cat_flickr01391,val
Resting/cat_flickr01391.mp3,Resting,Resting/cat_flickr01391,test
Resting/cat_flickr01392.mp3,Resting,Resting/cat_flickr01392,train
Resting/cat_flickr01393.mp3,Resting,Resting/cat_flickr01393,train
Resting/cat_flickr01394.mp3,Resting,Resting/cat_flickr01394,train
Resting/cat_flickr01395.mp3,Resting,Resting/cat_flickr01395,val
Resting/cat_flickr01396.mp3,Resting,Resting/cat_flickr01396,train
Resting/cat_flickr01397 (2).mp3,Resting,Resting/cat_flickr01397,train
Resting/cat_flickr01397.mp3,Resting,Resting/cat_flickr01397,train
Resting/cat_flickr01398 (2).mp3,Resting,Resting/cat_flickr01398,test
Resting/cat_flickr01398 (3).mp3,Resting,Resting/cat_flickr01398,train
Resting/cat_flickr01398.mp3,Resting,Resting/cat_flickr01398,test
Resting/cat_flickr01399.mp3,Resting,Resting/cat_flickr01399,test
Resting/cat_flickr01400.mp3,Resting,Resting/cat_flickr01400,train
Resting/cat_flickr01401.mp3,Resting,Resting/cat_flickr01401,train
Resting/cat_flickr01402.mp3,Resting,Resting/cat_flickr01402,train
Resting/cat_flickr01403.mp3,Resting,Resting/cat_flickr01403,train
Resting/cat_flickr01404.mp3,Resting,Resting/cat_flickr01404,train
Resting/cat_flickr01405.mp3,Resting,Resting/cat_flickr01405,val
Resting/cat_flickr01406 (2).mp3,Resting,Resting/cat_flickr01406,train
Resting/cat_flickr01406.mp3,Resting,Resting/cat_flickr01406,train
Resting/cat_youtube01282.mp3,Resting,Resting/cat_youtube01282,train
Resting/cat_youtube01283.mp3,Resting,Resting/cat_youtube01283,train
Resting/cat_youtube01284.mp3,Resting,Resting/cat_youtube01284,val
Resting/cat_youtube01285.mp3,Resting,Resting/cat_youtube01285,train
Resting/cat_youtube01286.mp3,Resting,Resting/cat_youtube01286,train
Resting/cat_youtube01287.mp3,Resting,Resting/cat_youtube01287,val
Resting/cat_youtube01288.mp3,Resting,Resting/cat_youtube01288,train
Resting/cat_youtube01289.mp3,Resting,Resting/cat_youtube01289,val
Resting/cat_youtube01290.mp3,Resting,Resting/cat_youtube01290,train
Resting/cat_youtube01291.mp3,Resting,Resting/cat_youtube01291,train
Resting/cat_youtube01292.mp3,Resting,Resting/cat_youtube01292,train
Resting/cat_youtube01293.mp3,Resting,Resting/cat_youtube01293,train
Resting/cat_youtube01294.mp3,Resting,Resting/cat_youtube01294,val
Resting/cat_youtube01295.mp3,Resting,Resting/cat_youtube01295,train
Resting/cat_youtube01296 (2).mp3,Resting,Resting/cat_youtube01296,test
Resting/cat_youtube01296.mp3,Resting,Resting/cat_youtube01296,test
Resting/cat_youtube01297.mp3,Resting,Resting/cat_youtube01297,train
Resting/cat_youtube01298.mp3,Resting,Resting/cat_youtube01298,train
Resting/cat_youtube01299.mp3,Resting,Resting/cat_youtube01299,train
Resting/cat_youtube01300.mp3,Resting,Resting/cat_youtube01300,train
Resting/cat_youtube01301.mp3,Resting,Resting/cat_youtube01301,train
Resting/cat_youtube01302.mp3,Resting,Resting/cat_youtube01302,train
Resting/cat_youtube01303.mp3,Resting,Resting/cat_youtube01303,train
Resting/cat_youtube01304.mp3,Resting,Resting/cat_youtube01304,test
Resting/cat_youtube01305 (2).mp3,Resting,Resting/cat_youtube01305,train
Resting/cat_youtube01305.mp3,Resting,Resting/cat_youtube01305,train
Resting/cat_youtube01306.mp3,Resting,Resting/cat_youtube01306,train
Resting/cat_youtube01307.mp3,Resting,Resting/cat_youtube01307,train
Resting/cat_youtube01308.mp3,Resting,Resting/cat_youtube01308,train
Resting/cat_youtube01309.mp3,Resting,Resting/cat_youtube01309,train
Resting/cat_youtube01310.mp3,Resting,Resting/cat_youtube01310,train
Resting/cat_youtube01311.mp3,Resting,Resting/cat_youtube01311,train
Resting/cat_youtube01312.mp3,Resting,Resting/cat_youtube01312,train
Resting/cat_youtube01313.mp3,Resting,Resting/cat_youtube01313,val
Resting/cat_youtube01314.mp3,Resting,Resting/cat_youtube01314,train
Resting/cat_youtube01315.mp3,Resting,Resting/cat_youtube01315,train
Resting/cat_youtube01316.mp3,Resting,Resting/cat_youtube01316,train
Resting/cat_youtube01317.mp3,Resting,Resting/cat_youtube01317,test
Resting/cat_youtube01318.mp3,Resting,Resting/cat_youtube01318,val
Resting/cat_youtube01319.mp3,Resting,Resting/cat_youtube01319,val
Resting/cat_youtube01320.mp3,Resting,Resting/cat_youtube01320,val
Resting/cat_youtube01321.mp3,Resting,Resting/cat_youtube01321,train
Resting/cat_youtube01322.mp3,Resting,Resting/cat_youtube01322,train
Resting/cat_youtube01323.mp3,Resting,Resting/cat_youtube01323,test
Resting/cat_youtube01324.mp3,Resting,Resting/cat_youtube01324,train
Resting/cat_youtube01325.mp3,Resting,Resting/cat_youtube01325,val
Resting/cat_youtube01326.mp3,Resting,Resting/cat_youtube01326,train
Resting/cat_youtube01327.mp3,Resting,Resting/cat_youtube01327,train
Resting/cat_youtube01328.mp3,Resting,Resting/cat_youtube01328,train
Resting/cat_youtube01329.mp3,Resting,Resting/cat_youtube01329,train
Resting/cat_youtube01330.mp3,Resting,Resting/cat_youtube01330,train
Resting/cat_youtube01331.mp3,Resting,Resting/cat_youtube01331,val
Resting/cat_youtube01332.mp3,Resting,Resting/cat_youtube01332,train
Resting/cat_youtube01333.mp3,Resting,Resting/cat_youtube01333,test
Resting/catpurring010.mp3,Resting,Resting/catpurring010,train
Resting/catpurring011.mp3,Resting,Resting/catpurring011,test
Resting/catpurring012.mp3,Resting,Resting/catpurring012,test
Resting/catpurring013.mp3,Resting,Resting/catpurring013,train
Resting/catpurring014.mp3,Resting,Resting/catpurring014,train
Resting/catpurring015.mp3,Resting,Resting/catpurring015,train
Resting/catpurring016.mp3,Resting,Resting/catpurring016,train
Resting/catpurring017.mp3,Resting,Resting/catpurring017,train
Resting/catpurring018.mp3,Resting,Resting/catpurring018,train
Resting/catpurring019.mp3,Resting,Resting/catpurring019,train
Resting/catpurring020.mp3,Resting,Resting/catpurring020,train
Resting/catpurring021.mp3,Resting,Resting/catpurring021,val
Resting/catpurring022.mp3,Resting,Resting/catpurring022,test
Resting/catpurring023.mp3,Resting,Resting/catpurring023,train
Resting/catpurring024.mp3,Resting,Resting/catpurring024,train
Resting/catpurring025.mp3,Resting,Resting/catpurring025,val
Resting/catpurring026.mp3,Resting,Resting/catpurring026,train
Resting/catpurring027.mp3,Resting,Resting/catpurring027,train
Resting/catpurring028.mp3,Resting,Resting/catpurring028,train
Resting/catpurring029.mp3,Resting,Resting/catpurring029,train
Resting/catpurring030.mp3,Resting,Resting/catpurring030,train
Resting/catpurring031.mp3,Resting,Resting/catpurring031,val
Resting/catpurring032.mp3,Resting,Resting/catpurring032,test
Resting/catpurring033.mp3,Resting,Resting/catpurring033,val
Resting/catpurring034.mp3,Resting,Resting/catpurring034,test
Resting/catpurring0341.mp3,Resting,Resting/catpurring0341,val
Resting/catpurring035.mp3,Resting,Resting/catpurring035,train
Resting/catpurring036.mp3,Resting,Resting/catpurring036,train
Resting/catpurring037.mp3,Resting,Resting/catpurring037,train
Resting/catpurring138.mp3,Resting,Resting/catpurring138,val
Resting/catpurring139.mp3,Resting,Resting/catpurring139,val
Resting/catpurring140.mp3,Resting,Resting/catpurring140,test
Resting/catpurring141.mp3,Resting,Resting/catpurring141,train
Resting/catpurring142.mp3,Resting,Resting/catpurring142,test
Resting/catpurring143.mp3,Resting,Resting/catpurring143,train
Resting/catpurring144.mp3,Resting,Resting/catpurring144,train
Resting/catpurring145.mp3,Resting,Resting/catpurring145,test
Resting/catpurring146.mp3,Resting,Resting/catpurring146,val
Resting/catpurring147.mp3,Resting,Resting/catpurring147,val
Resting/catpurring148.mp3,Resting,Resting/catpurring148,train
Resting/catpurring149.mp3,Resting,Resting/catpurring149,train
Resting/catpurring150.mp3,Resting,Resting/catpurring150,train
Resting/catpurring151.mp3,Resting,Resting/catpurring151,train
Resting/catpurring252.mp3,Resting,Resting/catpurring252,test
Resting/catpurring253.mp3,Resting,Resting/catpurring253,train
Resting/catpurring254.mp3,Resting,Resting/catpurring254,val
Resting/catpurring255.mp3,Resting,Resting/catpurring255,train
Resting/catpurring256.mp3,Resting,Resting/catpurring256,train
Resting/catpurring257.mp3,Resting,Resting/catpurring257,train
Resting/catpurring258.mp3,Resting,Resting/catpurring258,train
Resting/catpurring259.mp3,Resting,Resting/catpurring259,val
Resting/catpurring260.mp3,Resting,Resting/catpurring260,val
Resting/purr02995.mp3,Resting,Resting/purr02995,train
Resting/purr02996.mp3,Resting,Resting/purr02996,test
Resting/purr02997.mp3,Resting,Resting/purr02997,train
Resting/purr10.mp3,Resting,Resting/purr10,train
Resting/purr2.mp3,Resting,Resting/purr2,train
Resting/purr2088.mp3,Resting,Resting/purr2088,train
Resting/purr223.mp3,Resting,Resting/purr223,test
Resting/purr3.mp3,Resting,Resting/purr3,train
Resting/purr4 (2).mp3,Resting,Resting/purr4,train
Resting/purr4 (3).mp3,Resting,Resting/purr4,test
Resting/purr4.mp3,Resting,Resting/purr4,train
Resting/purr6.mp3,Resting,Resting/purr6,test
Resting/purr7.mp3,Resting,Resting/purr7,train
Resting/purr8.mp3,Resting,Resting/purr8,val
Resting/purr976.mp3,Resting,Resting/purr976,train
Warning/Cat_Angry1050.mp3,Warning,Warning/cat_angry1050,train
Warning/Cat_Angry1056.mp3,Warning,Warning/cat_angry1056,train
Warning/Cat_Grawl1069.mp3,Warning,Warning/cat_grawl1069,test
Warning/Cat_Growing1081.mp3,Warning,Warning/cat_growing1081,val
Warning/Cat_Growing1082.mp3,Warning,Warning/cat_growing1082,train
Warning/Cat_Growl10052.mp3,Warning,Warning/cat_growl10052,train
Warning/Cat_Growl1062.mp3,Warning,Warning/cat_growl1062,train
Warning/Cat_Growl1063.mp3,Warning,Warning/cat_growl1063,train
Warning/Cat_Growl1064.mp3,Warning,Warning/cat_growl1064,train
Warning/Cat_Growl1066.mp3,Warning,Warning/cat_growl1066,train
Warning/Cat_Growl1067.mp3,Warning,Warning/cat_growl1067,train
Warning/Cat_Growl1090.mp3,Warning,Warning/cat_growl1090,train
Warning/Cat_Growl1092.mp3,Warning,Warning/cat_growl1092,train
Warning/Cat_growl42312.mp3,Warning,Warning/cat_growl42312,test
Warning/Cat_hiss0112.mp3,Warning,Warning/cat_hiss0112,train
Warning/Cat_hiss0113.mp3,Warning,Warning/cat_hiss0113,train
Warning/Catgrow0111.mp3,Warning,Warning/catgrow0111,train
Warning/Catgrow0112.mp3,Warning,Warning/catgrow0112,train
Warning/Catgrow0113.mp3,Warning,Warning/catgrow0113,test
Warning/Catgrow0114.mp3,Warning,Warning/catgrow0114,val
Warning/Catgrow0115.mp3,Warning,Warning/catgrow0115,train
Warning/Catgrow0116.mp3,Warning,Warning/catgrow0116,train
Warning/Edit9006Grl.mp3,Warning,Warning/edit9006grl,train
Warning/Edit9009Grl.mp3,Warning,Warning/edit9009grl,val
Warning/Edit9025Grl.mp3,Warning,Warning/edit9025grl,train
Warning/Edit9026Grl.mp3,Warning,Warning/edit9026grl,train
Warning/Edit9031Grl.mp3,Warning,Warning/edit9031grl,train
Warning/Edit9037Grl.mp3,Warning,Warning/edit9037grl,train
Warning/Edit9052Grl.mp3,Warning,Warning/edit9052grl,train
Warning/Edit9054Grl.mp3,Warning,Warning/edit9054grl,val
Warning/Edit9056Grl.mp3,Warning,Warning/edit9056grl,train
Warning/Edit9059Grl.mp3,Warning,Warning/edit9059grl,train
Warning/Edit9061Grl.mp3,Warning,Warning/edit9061grl,train
Warning/Edit9077Grl.mp3,Warning,Warning/edit9077grl,train
Warning/Edit9095Grl (2).mp3,Warning,Warning/edit9095grl,train
Warning/Edit9095Grl.mp3,Warning,Warning/edit9095grl,train
Warning/Edit9096Grl.mp3,Warning,Warning/edit9096grl,train
Warning/Edit9098Grl.mp3,Warning,Warning/edit9098grl,test
Warning/Edit9112Grl.mp3,Warning,Warning/edit9112grl,train
Warning/Edit9113Grl.mp3,Warning,Warning/edit9113grl,train
Warning/Edit9114Grl.mp3,Warning,Warning/edit9114grl,train
Warning/Edit9115Grl.mp3,Warning,Warning/edit9115grl,train
Warning/Edit9116Grl.mp3,Warning,Warning/edit9116grl,train
Warning/Edit9117Grl.mp3,Warning,Warning/edit9117grl,train
Warning/Edit9120Grl.mp3,Warning,Warning/edit9120grl,val
Warning/LastEntry_cat1004Grl.mp3,Warning,Warning/lastentry_cat1004grl,train
Warning/LastEntry_cat1005Grl.mp3,Warning,Warning/lastentry_cat1005grl,val
Warning/LastEntry_cat1006Grl.mp3,Warning,Warning/lastentry_cat1006grl,train
Warning/LastEntry_cat1007Grl.mp3,Warning,Warning/lastentry_cat1007grl,train
Warning/LastEntry_cat1008Grl.mp3,Warning,Warning/lastentry_cat1008grl,val
Warning/LastEntry_cat1009Grl.mp3,Warning,Warning/lastentry_cat1009grl,test
Warning/LastEntry_cat1011Ang.mp3,Warning,Warning/lastentry_cat1011ang,train
Warning/LastEntry_cat1012Ang.mp3,Warning,Warning/lastentry_cat1012ang,train
Warning/LastEntry_cat1014Ang.mp3,Warning,Warning/lastentry_cat1014ang,train
Warning/LastEntry_cat1018Grl.mp3,Warning,Warning/lastentry_cat1018grl,val
Warning/LastEntry_cat1056Grl.mp3,Warning,Warning/lastentry_cat1056grl,train
Warning/LastEntry_cat1059Grl.mp3,Warning,Warning/lastentry_cat1059grl,val
Warning/LastEntry_cat1081Grl.mp3,Warning,Warning/lastentry_cat1081grl,train
Warning/LastEntry_cat1094Grl (2).mp3,Warning,Warning/lastentry_cat1094grl,train
Warning/LastEntry_cat1094Grl.mp3,Warning,Warning/lastentry_cat1094grl,test
Warning/LastEntry_cat1095Grl.mp3,Warning,Warning/lastentry_cat1095grl,val
Warning/LastEntry_cat1097Grl.mp3,Warning,Warning/lastentry_cat1097grl,train
Warning/LastEntry_cat1098Grl.mp3,Warning,Warning/lastentry_cat1098grl,test
Warning/LastEntry_cat1099Grl.mp3,Warning,Warning/lastentry_cat1099grl,train
Warning/LastEntry_cat1290Grl.mp3,Warning,Warning/lastentry_cat1290grl,train
Warning/LastEntry_cat1292Grl.mp3,Warning,Warning/lastentry_cat1292grl,train
Warning/LastEntry_cat1293Grl.mp3,Warning,Warning/lastentry_cat1293grl,train
Warning/LastEntry_cat1295Grl.mp3,Warning,Warning/lastentry_cat1295grl,train
Warning/LastEntry_cat1297Grl.mp3,Warning,Warning/lastentry_cat1297grl,test
Warning/LastEntry_cat1298Grl.mp3,Warning,Warning/lastentry_cat1298grl,train
Warning/LastEntry_cat1304Grl.mp3,Warning,Warning/lastentry_cat1304grl,val
Warning/LastEntry_cat1308Grl.mp3,Warning,Warning/lastentry_cat1308grl,train
Warning/LastEntry_cat1310Grl.mp3,Warning,Warning/lastentry_cat1310grl,train
Warning/LastEntry_cat1317Grl.mp3,Warning,Warning/lastentry_cat1317grl,train
Warning/LastEntry_cat1318Grl.mp3,Warning,Warning/lastentry_cat1318grl,test
Warning/LastEntry_cat1328Grl.mp3,Warning,Warning/lastentry_cat1328grl,val
Warning/LastEntry_cat1331Grl.mp3,Warning,Warning/lastentry_cat1331grl,train
Warning/LastEntry_cat1334Grl.mp3,Warning,Warning/lastentry_cat1334grl,test
Warning/LastEntry_cat1336Grl.mp3,Warning,Warning/lastentry_cat1336grl,train
Warning/LastEntry_cat1338Grl (2).mp3,Warning,Warning/lastentry_cat1338grl,train
Warning/LastEntry_cat1338Grl.mp3,Warning,Warning/lastentry_cat1338grl,val
Warning/LastEntry_cat1340Grl.mp3,Warning,Warning/lastentry_cat1340grl,test
Warning/LastEntry_cat1342Grl.mp3,Warning,Warning/lastentry_cat1342grl,train
Warning/LastEntry_cat1344Grl.mp3,Warning,Warning/lastentry_cat1344grl,train
Warning/LastEntry_cat1346Grl.mp3,Warning,Warning/lastentry_cat1346grl,train
Warning/LastEntry_cat1348Grl.mp3,Warning,Warning/lastentry_cat1348grl,train
Warning/LastEntry_cat1349Grl.mp3,Warning,Warning/lastentry_cat1349grl,train
Warning/LastEntry_cat1353Grl (2).mp3,Warning,Warning/lastentry_cat1353grl,train
Warning/LastEntry_cat1353Grl.mp3,Warning,Warning/lastentry_cat1353grl,train
Warning/LastEntry_cat1354Grl (2).mp3,Warning,Warning/lastentry_cat1354grl,test
Warning/LastEntry_cat1354Grl.mp3,Warning,Warning/lastentry_cat1354grl,train
Warning/LastEntry_cat1356Grl.mp3,Warning,Warning/lastentry_cat1356grl,train
Warning/LastEntry_cat1358Grl.mp3,Warning,Warning/lastentry_cat1358grl,train
Warning/LastEntry_cat1359Grl.mp3,Warning,Warning/lastentry_cat1359grl,val
Warning/LastEntry_cat1361Grl.mp3,Warning,Warning/lastentry_cat1361grl,train
Warning/LastEntry_cat1362Grl.mp3,Warning,Warning/lastentry_cat1362grl,train
Warning/LastEntry_cat1363Grl.mp3,Warning,Warning/lastentry_cat1363grl,train
Warning/Last_addCat117Grl.mp3,Warning,Warning/last_addcat117grl,train
Warning/Last_addCat118Grl.mp3,Warning,Warning/last_addcat118grl,train
Warning/Last_addCat129591Grl (2).mp3,Warning,Warning/last_addcat129591grl,train
Warning/Last_addCat129591Grl.mp3,Warning,Warning/last_addcat129591grl,train
Warning/Last_addCat129592Grl (2).mp3,Warning,Warning/last_addcat129592grl,train
Warning/Last_addCat129592Grl (3).mp3,Warning,Warning/last_addcat129592grl,test
Warning/Last_addCat129592Grl.mp3,Warning,Warning/last_addcat129592grl,train
Warning/Last_addCat129593Grl.mp3,Warning,Warning/last_addcat129593grl,train
Warning/Last_addCat174Grl.mp3,Warning,Warning/last_addcat174grl,train
Warning/Last_addCat175Grl.mp3,Warning,Warning/last_addcat175grl,test
Warning/Last_addCat259Grl.mp3,Warning,Warning/last_addcat259grl,train
Warning/Last_addCat278Grl.mp3,Warning,Warning/last_addcat278grl,test
Warning/Last_addCat319Grl.mp3,Warning,Warning/last_addcat319grl,train
Warning/Last_addCat326Grl.mp3,Warning,Warning/last_addcat326grl,val
Warning/Last_addCat327Grl.mp3,Warning,Warning/last_addcat327grl,train
Warning/Last_addCat328Grl.mp3,Warning,Warning/last_addcat328grl,val
Warning/Last_addCat329Grl.mp3,Warning,Warning/last_addcat329grl,train
Warning/Last_addCat330Grl.mp3,Warning,Warning/last_addcat330grl,train
Warning/Last_addCat332Grl.mp3,Warning,Warning/last_addcat332grl,val
Warning/Last_addCat333Grl.mp3,Warning,Warning/last_addcat333grl,val
Warning/Last_addCat337Grl.mp3,Warning,Warning/last_addcat337grl,val
Warning/Last_addCat344Grl.mp3,Warning,Warning/last_addcat344grl,val
Warning/Last_addCat345Grl.mp3,Warning,Warning/last_addcat345grl,train
Warning/Last_addCat347Grl.mp3,Warning,Warning/last_addcat347grl,train
Warning/Last_addCat349Grl.mp3,Warning,Warning/last_addcat349grl,train
Warning/Last_addCat350Grl.mp3,Warning,Warning/last_addcat350grl,train
Warning/Last_addCat351Grl.mp3,Warning,Warning/last_addcat351grl,test
Warning/Last_addCat352Grl.mp3,Warning,Warning/last_addcat352grl,train
Warning/Last_addCat354Grl.mp3,Warning,Warning/last_addcat354grl,train
Warning/Last_addCat355Grl.mp3,Warning,Warning/last_addcat355grl,train
Warning/Last_addCat356Grl.mp3,Warning,Warning/last_addcat356grl,train
Warning/Last_addCat357Grl.mp3,Warning,Warning/last_addcat357grl,train
Warning/Online_Cat0296Angry.mp3,Warning,Warning/online_cat0296angry,train
Warning/Online_Cat0298Angry.mp3,Warning,Warning/online_cat0298angry,train
Warning/Online_Cat0308Growl.mp3,Warning,Warning/online_cat0308growl,test
Warning/Online_Cat0309grl.mp3,Warning,Warning/online_cat0309grl,train
Warning/Online_Cat0310grl.mp3,Warning,Warning/online_cat0310grl,train
Warning/Online_Cat0311grl.mp3,Warning,Warning/online_cat0311grl,train
Warning/Online_Cat0312grl.mp3,Warning,Warning/online_cat0312grl,train
Warning/Online_Cat0313grl.mp3,Warning,Warning/online_cat0313grl,test
Warning/Online_Cat0320ang.mp3,Warning,Warning/online_cat0320ang,test
Warning/Online_Cat0320grl.mp3,Warning,Warning/online_cat0320grl,train
Warning/Online_Cat0445Grl.mp3,Warning,Warning/online_cat0445grl,train
Warning/Online_Cat0450Grl.mp3,Warning,Warning/online_cat0450grl,train
Warning/Online_Cat0451Grl.mp3,Warning,Warning/online_cat0451grl,train
Warning/Online_Cat0452Grl.mp3,Warning,Warning/online_cat0452grl,val
Warning/Online_Cat0453Grl.mp3,Warning,Warning/online_cat0453grl,val
Warning/Online_Cat0454Grl.mp3,Warning,Warning/online_cat0454grl,test
Warning/Online_Cat0455Grl.mp3,Warning,Warning/online_cat0455grl,val
Warning/Online_Cat0456Grl.mp3,Warning,Warning/online_cat0456grl,test
Warning/Online_Cat0469Grl.mp3,Warning,Warning/online_cat0469grl,test
Warning/car_extcoll0167.mp3,Warning,Warning/car_extcoll0167,train
Warning/car_extcoll0178.mp3,Warning,Warning/car_extcoll0178,train
Warning/car_extcoll0182.mp3,Warning,Warning/car_extcoll0182,train
Warning/car_extcoll0185.mp3,Warning,Warning/car_extcoll0185,test
Warning/car_extcoll0186.mp3,Warning,Warning/car_extcoll0186,train
Warning/car_extcoll0213.mp3,Warning,Warning/car_extcoll0213,test
Warning/car_extcoll0238.mp3,Warning,Warning/car_extcoll0238,train
Warning/car_extcoll0239.mp3,Warning,Warning/car_extcoll0239,train
Warning/car_extcoll0242.mp3,Warning,Warning/car_extcoll0242,train
Warning/car_extcoll0243.mp3,Warning,Warning/car_extcoll0243,val
Warning/car_extcoll0263.mp3,Warning,Warning/car_extcoll0263,val
Warning/car_extcoll0270.mp3,Warning,Warning/car_extcoll0270,train
Warning/car_extcoll0271.mp3,Warning,Warning/car_extcoll0271,test
Warning/car_extcoll02715.mp3,Warning,Warning/car_extcoll02715,val
Warning/car_extcoll0278.mp3,Warning,Warning/car_extcoll0278,train
Warning/car_extcoll0279.mp3,Warning,Warning/car_extcoll0279,train
Warning/car_extcoll0280.mp3,Warning,Warning/car_extcoll0280,train
Warning/car_extcoll02816.mp3,Warning,Warning/car_extcoll02816,train
Warning/car_extcoll0282.mp3,Warning,Warning/car_extcoll0282,train
Warning/car_extcoll0283.mp3,Warning,Warning/car_extcoll0283,train
Warning/car_extcoll0284.mp3,Warning,Warning/car_extcoll0284,train
Warning/car_extcoll0288.mp3,Warning,Warning/car_extcoll0288,val
Warning/car_extcoll0289.mp3,Warning,Warning/car_extcoll0289,train
Warning/car_extcoll0291.mp3,Warning,Warning/car_extcoll0291,train
Warning/car_extcoll0293.mp3,Warning,Warning/car_extcoll0293,val
Warning/car_extcoll0294.mp3,Warning,Warning/car_extcoll0294,train
Warning/car_extcoll0309.mp3,Warning,Warning/car_extcoll0309,train
Warning/car_extcoll0311.mp3,Warning,Warning/car_extcoll0311,train
Warning/car_extcoll0312.mp3,Warning,Warning/car_extcoll0312,train
Warning/car_extcoll0313.mp3,Warning,Warning/car_extcoll0313,train
Warning/car_extcoll0314.mp3,Warning,Warning/car_extcoll0314,train
Warning/car_extcoll0316.mp3,Warning,Warning/car_extcoll0316,train
Warning/car_extcoll0318.mp3,Warning,Warning/car_extcoll0318,train
Warning/car_extcoll0319.mp3,Warning,Warning/car_extcoll0319,train
Warning/car_extcoll0320.mp3,Warning,Warning/car_extcoll0320,val
Warning/car_extcoll0321.mp3,Warning,Warning/car_extcoll0321,train
Warning/car_extcoll03216.mp3,Warning,Warning/car_extcoll03216,train
Warning/car_extcoll03218.mp3,Warning,Warning/car_extcoll03218,val
Warning/car_extcoll0322.mp3,Warning,Warning/car_extcoll0322,train
Warning/car_extcoll0323.mp3,Warning,Warning/car_extcoll0323,val
Warning/car_extcoll0324.mp3,Warning,Warning/car_extcoll0324,train
Warning/car_extcoll0325.mp3,Warning,Warning/car_extcoll0325,train
Warning/car_extcoll0326.mp3,Warning,Warning/car_extcoll0326,train
Warning/cat02.mp3,Warning,Warning/cat02,test
Warning/cat03.mp3,Warning,Warning/cat03,train
Warning/cat03574.mp3,Warning,Warning/cat03574,train
Warning/cat05.mp3,Warning,Warning/cat05,train
Warning/cat14.mp3,Warning,Warning/cat14,train
Warning/cat_Growl010.mp3,Warning,Warning/cat_growl010,train
Warning/cat_Growl011.mp3,Warning,Warning/cat_growl011,val
Warning/cat_Growl012.mp3,Warning,Warning/cat_growl012,train
Warning/cat_Growl013.mp3,Warning,Warning/cat_growl013,train
Warning/cat_Growl014.mp3,Warning,Warning/cat_growl014,train
Warning/cat_Growl015.mp3,Warning,Warning/cat_growl015,val
Warning/cat_Growl016.mp3,Warning,Warning/cat_growl016,test
Warning/cat_Growl017.mp3,Warning,Warning/cat_growl017,train
Warning/cat_Growl018.mp3,Warning,Warning/cat_growl018,test
Warning/cat_flickr0106.mp3,Warning,Warning/cat_flickr0106,train
Warning/cat_flickr0107.mp3,Warning,Warning/cat_flickr0107,train
Warning/cat_flickr0109.mp3,Warning,Warning/cat_flickr0109,train
Warning/cat_flickr0110.mp3,Warning,Warning/cat_flickr0110,train
Warning/cat_flickr0125.mp3,Warning,Warning/cat_flickr0125,train
Warning/cat_flickr0126.mp3,Warning,Warning/cat_flickr0126,test
Warning/cat_flickr0127.mp3,Warning,Warning/cat_flickr0127,train
Warning/cat_flickr0128.mp3,Warning,Warning/cat_flickr0128,train
Warning/cat_flickr0129.mp3,Warning,Warning/cat_flickr0129,train
Warning/cat_flickr0130.mp3,Warning,Warning/cat_flickr0130,train
Warning/cat_flickr01308.mp3,Warning,Warning/cat_flickr01308,test
Warning/cat_flickr01309.mp3,Warning,Warning/cat_flickr01309,train
Warning/cat_flickr01311.mp3,Warning,Warning/cat_flickr01311,train
Warning/cat_flickr01313.mp3,Warning,Warning/cat_flickr01313,test
Warning/cat_flickr01345.mp3,Warning,Warning/cat_flickr01345,test
Warning/cat_flickr01346.mp3,Warning,Warning/cat_flickr01346,val
Warning/cat_flickr01349.mp3,Warning,Warning/cat_flickr01349,train
Warning/cat_flickr01350.mp3,Warning,Warning/cat_flickr01350,train
Warning/cat_flickr01352.mp3,Warning,Warning/cat_flickr01352,train
Warning/cat_flickr01353.mp3,Warning,Warning/cat_flickr01353,test
Warning/cat_flickr01354.mp3,Warning,Warning/cat_flickr01354,train
Warning/cat_flickr01357.mp3,Warning,Warning/cat_flickr01357,val
Warning/cat_flickr01358.mp3,Warning,Warning/cat_flickr01358,test
Warning/cat_flickr01359.mp3,Warning,Warning/cat_flickr01359,val
Warning/cat_flickr01360.mp3,Warning,Warning/cat_flickr01360,test
Warning/cat_flickr01361.mp3,Warning,Warning/cat_flickr01361,train
Warning/cat_flickr01362.mp3,Warning,Warning/cat_flickr01362,train
Warning/cat_flickr01363.mp3,Warning,Warning/cat_flickr01363,train
Warning/cat_flickr01365.mp3,Warning,Warning/cat_flickr01365,train
Warning/cat_flickr01367 (2).mp3,Warning,Warning/cat_flickr01367,test
Warning/cat_flickr01367.mp3,Warning,Warning/cat_flickr01367,train
Warning/cat_flickr01368.mp3,Warning,Warning/cat_flickr01368,train
Warning/cat_flickr01369.mp3,Warning,Warning/cat_flickr01369,test
Warning/cat_flickr0137.mp3,Warning,Warning/cat_flickr0137,train
Warning/cat_flickr01406.mp3,Warning,Warning/cat_flickr01406,train
Warning/cat_flickr01409.mp3,Warning,Warning/cat_flickr01409,test
Warning/cat_flickr01410.mp3,Warning,Warning/cat_flickr01410,train
Warning/cat_flickr01412.mp3,Warning,Warning/cat_flickr01412,train
Warning/cat_flickr01414.mp3,Warning,Warning/cat_flickr01414,train
Warning/cat_flickr01418.mp3,Warning,Warning/cat_flickr01418,val
Warning/cat_flickr01423.mp3,Warning,Warning/cat_flickr01423,train
Warning/cat_flickr01424.mp3,Warning,Warning/cat_flickr01424,train
Warning/cat_flickr01426.mp3,Warning,Warning/cat_flickr01426,val
Warning/cat_flickr01427.mp3,Warning,Warning/cat_flickr01427,train
Warning/cat_flickr01428.mp3,Warning,Warning/cat_flickr01428,val
Warning/cat_flickr01429.mp3,Warning,Warning/cat_flickr01429,train
Warning/cat_flickr01432.mp3,Warning,Warning/cat_flickr01432,train
Warning/cat_flickr01433.mp3,Warning,Warning/cat_flickr01433,train
Warning/cat_flickr01434.mp3,Warning,Warning/cat_flickr01434,val
Warning/cat_flickr01443.mp3,Warning,Warning/cat_flickr01443,train
Warning/cat_flickr01444.mp3,Warning,Warning/cat_flickr01444,val
Warning/cat_flickr01448.mp3,Warning,Warning/cat_flickr01448,test
Warning/cat_flickr01450.mp3,Warning,Warning/cat_flickr01450,train
Warning/cat_flickr01452 (2).mp3,Warning,Warning/cat_flickr01452,train
Warning/cat_flickr01455.mp3,Warning,Warning/cat_flickr01455,val
Warning/cat_flickr01457.mp3,Warning,Warning/cat_flickr01457,train
Warning/cat_flickr01460.mp3,Warning,Warning/cat_flickr01460,train
Warning/cat_flickr01461.mp3,Warning,Warning/cat_flickr01461,train
Warning/cat_flickr01462.mp3,Warning,Warning/cat_flickr01462,train
Warning/cat_flickr01466.mp3,Warning,Warning/cat_flickr01466,test
Warning/cat_flickr01469.mp3,Warning,Warning/cat_flickr01469,train
Warning/cat_flickr01472.mp3,Warning,Warning/cat_flickr01472,train
Warning/cat_flickr01474.mp3,Warning,Warning/cat_flickr01474,train
Warning/cat_flickr01475.mp3,Warning,Warning/cat_flickr01475,train
Warning/cat_flickr0178.mp3,Warning,Warning/cat_flickr0178,train
Warning/cat_youtube01259.mp3,Warning,Warning/cat_youtube01259,train
Warning/cat_youtube01261.mp3,Warning,Warning/cat_youtube01261,train
Warning/cat_youtube01262.mp3,Warning,Warning/cat_youtube01262,test
Warning/cat_youtube01263 (2).mp3,Warning,Warning/cat_youtube01263,train
Warning/cat_youtube01263.mp3,Warning,Warning/cat_youtube01263,train
Warning/cat_youtube01265.mp3,Warning,Warning/cat_youtube01265,train
Warning/cat_youtube01267.mp3,Warning,Warning/cat_youtube01267,train
Warning/cat_youtube01268.mp3,Warning,Warning/cat_youtube01268,train
Warning/cat_youtube01269.mp3,Warning,Warning/cat_youtube01269,train
Warning/cat_youtube01334.mp3,Warning,Warning/cat_youtube01334,test
Warning/cat_youtube01335.mp3,Warning,Warning/cat_youtube01335,train
Warning/cat_youtube64301 (2).mp3,Warning,Warning/cat_youtube64301,train
Warning/cat_youtube64302 (2).mp3,Warning,Warning/cat_youtube64302,test
Warning/cat_youtube64302.mp3,Warning,Warning/cat_youtube64302,train
Warning/cat_youtube64363.mp3,Warning,Warning/cat_youtube64363,train
Warning/cat_youtube64365.mp3,Warning,Warning/cat_youtube64365,train
Warning/cat_youtube64366.mp3,Warning,Warning/cat_youtube64366,train
Warning/cat_youtube64367.mp3,Warning,Warning/cat_youtube64367,val
Warning/cat_youtube64377.mp3,Warning,Warning/cat_youtube64377,test
Warning/cat_youtube64378.mp3,Warning,Warning/cat_youtube64378,train
Warning/cat_youtube64379.mp3,Warning,Warning/cat_youtube64379,train
Warning/cat_youtube64399.mp3,Warning,Warning/cat_youtube64399,train
Warning/cat_youtube64400.mp3,Warning,Warning/cat_youtube64400,test
Warning/cat_youtube64401.mp3,Warning,Warning/cat_youtube64401,train
Warning/cat_youtube64402.mp3,Warning,Warning/cat_youtube64402,train
Warning/catangry011.mp3,Warning,Warning/catangry011,train
Warning/catangry013.mp3,Warning,Warning/catangry013,val
Warning/catangry015.mp3,Warning,Warning/catangry015,val
Warning/grl02998.mp3,Warning,Warning/grl02998,train
Warning/grl5.mp3,Warning,Warning/grl5,train
